Ca,S,K,Ti,V,Cr,Cu,Zn,As,Se,Sr,Mo,Ba,Ta,Site,prediction_label,prediction_score_CT,prediction_score_PCM,prediction_score_PDLC
0.50159717,1.1724743,1.4440486,0.4290687,0.0051811887,0.12864287,0.003750585,0.00051811885,0.020469714,0.00051811885,0.0074506938,0.00051811885,0.015015751,0.00051811885,PDLC,PDLC,0.0083,0.0629,0.9287
0.15880047,0.4714742,0.005981584,0.24455178,0.11084401,0.33395913,0.0005981584,0.0005981584,0.0005981584,0.0005981584,0.029354954,0.0005981584,0.020166557,0.003867617,PDLC,PDLC,0.0073,0.0047,0.988
0.6681192,0.98691756,0.83343667,0.27398813,0.40712452,0.62465405,0.0005309713,0.0005309713,0.0005309713,0.0005309713,0.008847501,0.003375638,0.0005309713,0.0053992104,PDLC,PDLC,0.0058,0.0269,0.9673
0.13590416,0.32674393,0.005574992,0.32145274,0.05450014,0.29131573,0.017107662,0.00055749924,0.009896612,0.00055749924,0.006871709,0.00055749924,0.014776794,0.0052992464,PDLC,PDLC,0.0051,0.0038,0.9911
0.058013752,0.26378503,0.0058566127,0.40743142,0.061851863,0.21862614,0.00058566127,0.00058566127,0.0032831174,0.00058566127,0.0048793964,0.00058566127,0.00058566127,0.0016506617,PDLC,PDLC,0.0051,0.0059,0.989
0.005075172,0.47284898,0.005075172,0.31839767,0.005075172,0.49603862,0.0005075172,0.0005075172,0.030482734,0.0005075172,0.0005075172,0.0005075172,0.0005075172,0.0038705373,PDLC,PDLC,0.005,0.0041,0.9909
0.11941109,0.26840332,0.0051962626,0.062419847,0.0051962626,0.0510672,6.0399823,0.032029577,0.0042306934,0.0025003857,0.00051962625,0.00051962625,0.018389162,0.00051962625,PDLC,PDLC,0.0061,0.0175,0.9765
0.3457318,0.26296046,0.005033142,0.48210573,0.06530774,0.452824,0.0005033142,0.0005033142,0.009404979,0.0043976493,0.007180355,0.0005033142,0.0005033142,0.005507389,PDLC,PDLC,0.005,0.0037,0.9913
0.05794577,0.32545298,0.004729838,0.3401112,0.004729838,0.43745273,0.0004729838,0.0004729838,0.0004729838,0.0004729838,0.0004729838,0.0004729838,0.0004729838,0.003032115,PDLC,PDLC,0.0049,0.0037,0.9914
0.21922459,7.9559507,3.9202995,1.0703655,0.14195113,0.22486655,0.000565385,0.000565385,0.0076217777,0.006729836,0.0047749933,0.0057157213,0.049568452,0.002780838,PDLC,PDLC,0.0106,0.3851,0.6043
0.16728939,0.82467973,0.006428211,0.736598,0.006428211,0.16022313,0.065449476,0.0006428211,0.0006428211,0.0453396,0.07593242,0.006029588,0.0006428211,0.0006428211,PDLC,PDLC,0.0151,0.0147,0.9702
0.005038308,0.24122903,0.005038308,0.3721866,0.05073715,0.3654992,0.0005038308,0.0005038308,0.016004875,0.0026157782,0.0005038308,0.0005038308,0.0005038308,0.0018655243,PDLC,PDLC,0.005,0.0044,0.9906
0.14304158,0.76205844,0.0047933282,0.45232546,0.12627393,0.40248618,0.0029418028,0.0004793328,0.027510358,0.0004793328,0.013074703,0.002597739,0.0004793328,0.004105918,PDLC,PDLC,0.0057,0.0045,0.9897
0.10739683,0.40447253,0.006070875,0.2592364,0.03944603,0.14956518,0.0006070875,0.0006070875,0.0030791122,0.0006070875,0.0011085825,0.0006070875,0.013217735,0.002583351,PDLC,PDLC,0.0056,0.0055,0.9888
0.61387354,6.1387353,0.61387354,0.61387354,0.61387354,0.61387354,0.061387353,0.061387353,0.061387353,0.061387353,0.061387353,0.061387353,0.061387353,0.061387353,PDLC,PCM,0.0956,0.7648,0.1397
0.6490232,2.369,0.71108085,0.27785325,0.118548706,0.63031304,0.009417198,0.00049868773,0.018637057,0.00049868773,0.0043824418,0.0033263173,0.00049868773,0.009948951,PDLC,PDLC,0.005,0.0043,0.9907
0.3098973,0.22696383,0.0058918707,0.19337182,0.035160158,0.053824116,0.10059925,0.0005891871,0.0005891871,0.0005891871,0.015331506,0.0005891871,0.0005891871,0.0005891871,PDLC,PDLC,0.0074,0.0167,0.9759
0.13627706,0.307751,0.0055336496,0.1506329,0.0055336496,0.18805213,0.0005533649,0.0005533649,0.0035452228,0.0005533649,0.002020963,0.0005533649,0.0005533649,0.0005533649,PDLC,PDLC,0.0052,0.0053,0.9896
0.005789558,0.1235202,0.005789558,0.24045044,0.061257347,0.19541262,0.0005789558,0.0005789558,0.0025500576,0.00073312456,0.0056825154,0.0005789558,0.0005789558,0.0020157069,PDLC,PDLC,0.0052,0.0143,0.9805
0.077020586,0.45280772,0.0052408,0.29780382,0.0052408,0.28423446,0.00052408,0.0020841358,0.00052408,0.00052408,0.0023327002,0.002949486,0.00052408,0.0027804188,PDLC,PDLC,0.0052,0.0041,0.9907
0.059633423,0.21367078,0.0050742854,0.15826996,0.06594121,0.30731064,0.0031142342,0.00050742854,0.00866913,0.005461679,0.016736686,0.0038076972,0.00050742854,0.00050742854,PDLC,PDLC,0.0074,0.0533,0.9394
0.6327162,0.5541542,0.0055658473,0.74673307,0.05878108,0.27135593,0.06945704,0.00055658474,0.00055658474,0.00055658474,0.02725118,0.0033064438,0.00055658474,0.0050752405,PDLC,PDLC,0.0076,0.0041,0.9884
0.108776435,0.7181953,0.766181,0.077445015,0.2737185,0.42897907,0.0004833195,0.0004833195,0.0004833195,0.0004833195,0.0004833195,0.01798281,0.0004833195,0.009882743,PDLC,PDLC,0.0052,0.2864,0.7083
0.0051224045,0.17223805,0.0051224045,0.2072847,0.11573726,0.39347032,0.00051224045,0.00051224045,0.0038287104,0.0021405243,0.0033323106,0.00051224045,0.00051224045,0.003142232,PDLC,PDLC,0.005,0.0106,0.9843
0.07596724,0.39999935,0.0050828294,0.31824097,0.13779175,0.51086366,0.000508283,0.000508283,0.009158618,0.0013516281,0.0016822878,0.002966529,0.000508283,0.002556162,PDLC,PDLC,0.005,0.0067,0.9884
0.6581928,0.74170977,0.004642565,0.3326717,0.092501335,0.39268404,0.00046425645,0.00046425645,0.014066124,0.00046425645,0.00046425645,0.004306287,0.00046425645,0.0036175828,PDLC,PDLC,0.0051,0.0046,0.9903
1.034863,1.5604904,0.91444105,0.30000255,0.0049246303,0.8641497,0.00049246306,0.00049246306,0.014000511,0.00049246306,0.01377008,0.0065695955,0.00049246306,0.007184871,PDLC,PDLC,0.0063,0.0066,0.9871
0.94422525,1.6782601,1.1267726,0.5232678,0.09711697,0.33781925,0.00055463373,0.00055463373,0.026131937,0.00055463373,0.072541684,0.00055463373,0.021162752,0.0044137747,PDLC,PDLC,0.0086,0.0063,0.9851
0.06295699,0.047787692,0.004778769,0.33005223,0.004778769,0.38977537,0.00047787692,0.00047787692,0.018497145,0.004659498,0.00047787692,0.00047787692,0.00047787692,0.0031955296,PDLC,PDLC,0.005,0.0048,0.9901
0.18994024,0.7010398,0.005837749,0.5596639,0.063256994,0.33760506,0.013045045,0.00058377493,0.01924567,0.0028090626,0.07322171,0.006205841,0.017556181,0.005387699,PDLC,PDLC,0.01,0.0067,0.9833
0.0452943,0.25073272,0.0050146542,0.45068717,0.087905586,0.42058828,0.00050146546,0.00050146546,0.0037481734,0.0010159991,0.00050146546,0.0036584244,0.00050146546,0.0028821446,PDLC,PDLC,0.005,0.0052,0.9898
0.7506577,0.7705888,0.00465782,0.22176388,0.18689066,0.54429024,0.000465782,0.000465782,0.12197542,0.000465782,0.043378007,0.0079612555,0.000465782,0.0072074584,PDLC,PDLC,0.0243,0.4325,0.5432
0.25091422,0.258286,0.004973363,0.119068965,0.099873394,0.1973238,0.035218794,0.0004973363,0.012745065,0.0004973363,0.04989256,0.0031618045,0.020207796,0.0004973363,PDLC,PDLC,0.0115,0.0672,0.9213
0.4242388,0.59055465,0.004962826,0.7471144,0.11924344,1.426636,0.00049628265,0.00049628265,0.027025882,0.00049628265,0.00049628265,0.0070343344,0.00049628265,0.008227952,PDLC,PDLC,0.0055,0.0056,0.9889
0.24337797,2.4668577,1.2894275,0.120676905,0.12095902,0.36087516,0.011036262,0.0005353514,0.046659786,0.0005353514,0.0089815855,0.0046867654,0.0005353514,0.007307642,PDLC,PDLC,0.0071,0.0322,0.9606
0.7971102,1.1968076,1.149838,0.8475282,0.108217046,0.81268215,0.0005113908,0.0005113908,0.031602725,0.0005113908,0.0005113908,0.004636894,0.0005113908,0.010852394,PDLC,PDLC,0.0051,0.0045,0.9904
0.6132485,1.4039606,1.1247336,0.44502944,0.0055706655,0.5762868,0.0005570665,0.0005570665,0.01479622,0.0005570665,0.004005386,0.004180176,0.0005570665,0.0053259195,PDLC,PDLC,0.005,0.0042,0.9908
0.60257864,1.2774751,1.1974381,1.9631056,0.0053726686,0.65778923,0.08902874,0.0005372669,0.019361744,0.0005372669,0.0005372669,0.005935413,0.0005372669,0.008551138,PDLC,PDLC,0.0053,0.0062,0.9885
0.006002777,0.123201095,0.006002777,0.023952417,0.043716975,0.006002777,0.0006002777,0.0006002777,0.0006002777,0.0006002777,0.0006002777,0.0006002777,0.0006002777,0.0006002777,PDLC,PDLC,0.0055,0.073,0.9215
0.057070833,0.74017066,0.005675645,0.005675645,0.14260975,0.005675645,0.0049123545,0.0026911134,0.0005675645,0.0005675645,0.0027205783,0.0066250362,0.0005675645,0.0005675645,PDLC,PDLC,0.0078,0.2389,0.7532
0.0058216085,0.8616199,0.0058216085,0.045364447,0.069138885,0.0058216085,0.00058216084,0.00058216084,0.00058216084,0.00058216084,0.0017939218,0.0035190547,0.00058216084,0.00058216084,PDLC,PDLC,0.0066,0.0549,0.9385
0.16339439,0.2960028,0.9290393,0.09781287,0.07420617,0.18190613,3.1597834,0.12133183,0.051504977,0.0005243011,0.0062231584,0.02371513,0.028939068,0.0005243011,PDLC,PCM,0.0137,0.5859,0.4004
1.6383778,0.75107914,1.6888281,0.5343013,0.34105232,0.19214615,0.614143,0.0005644538,0.010848795,0.003502328,0.020485768,0.023295851,0.0005644538,0.017375007,PDLC,PDLC,0.154,0.0787,0.7673
0.14879197,0.8502313,0.0053966376,0.32548714,0.0053966376,0.48179075,0.0005396638,0.0005396638,0.006842857,0.0005396638,0.0005396638,0.0005396638,0.0005396638,0.0043542916,PDLC,PDLC,0.0049,0.0036,0.9915
0.1283805,0.500916,0.005197206,0.30129832,0.054479763,0.36153346,0.0005197206,0.0005197206,0.028024763,0.0064495346,0.0022539813,0.0005197206,0.0005197206,0.0005197206,PDLC,PDLC,0.0057,0.0105,0.9837
0.05892968,0.44712368,0.0049721766,0.24337873,0.0049721766,0.51322544,0.00049721764,0.00049721764,0.021634893,0.0016999755,0.008625551,0.0031610501,0.00049721764,0.002747818,PDLC,PDLC,0.0051,0.0043,0.9906
0.18763436,0.5973576,0.006108863,0.24452297,0.006108863,0.29465783,1.090628,0.00061088626,0.00061088626,0.0010829808,0.020358227,0.00061088626,0.00061088626,0.00061088626,PDLC,PDLC,0.0069,0.0053,0.9877
0.063877374,0.26170346,0.0051823426,0.42743203,0.20905568,0.8285409,0.0005182343,0.0005182343,0.010237136,0.0005182343,0.009581597,0.0042668586,0.0005182343,0.006501198,PDLC,PDLC,0.006,0.0152,0.9788
0.054381322,0.36722556,0.004976015,0.34170017,0.050793603,0.33963916,0.0004976015,0.0004976015,0.013349604,0.0004976015,0.0004976015,0.0004976015,0.0004976015,0.0029699344,PDLC,PDLC,0.0049,0.0037,0.9914
0.4283733,0.83377427,0.7386791,0.57562006,0.10329998,0.5393174,0.009220019,0.00053751864,0.038598146,0.00053751864,0.0043556066,0.0043696146,0.00053751864,0.009208664,PDLC,PDLC,0.005,0.0052,0.9898
0.65667427,1.0947822,1.1442679,0.6979601,0.005845889,0.19742636,0.038269754,0.0005845889,0.015293161,0.0005845889,0.0038029635,0.005056892,0.0005845889,0.009724303,PDLC,PDLC,0.0074,0.0078,0.9848
0.08914334,0.19928479,0.0056440555,0.076052725,0.0056440555,0.16510132,0.0037303737,0.0005644055,0.005273269,0.0005644055,0.0009018121,0.0005644055,0.0005644055,0.0035246103,PDLC,PDLC,0.0054,0.0062,0.9883
1.0621424,0.62964535,1.544287,0.230796,0.22980541,0.28301868,0.0037648114,0.0005316416,0.015185299,0.0005316416,0.039317936,0.0033798995,0.028066712,0.0005316416,PDLC,PDLC,0.0179,0.2307,0.7514
0.048199058,0.1342452,0.0062922533,0.05310695,0.0062922533,0.03739338,0.00062922534,0.00062922534,0.00062922534,0.00062922534,0.0007181298,0.00062922534,0.00062922534,0.0012518438,PDLC,PDLC,0.0058,0.0231,0.9711
0.056800712,0.16402434,0.0056911474,0.06622452,0.08267145,0.25305665,0.008508151,0.00056911475,0.022256562,0.00056911475,0.00056911475,0.00056911475,0.00056911475,0.0020443469,PDLC,PDLC,0.0057,0.018,0.9763
0.005737396,0.31639788,0.005737396,0.47824618,0.005737396,0.35033908,0.0005737396,0.0005737396,0.019144563,0.0005737396,0.0005737396,0.0005737396,0.0005737396,0.0005737396,PDLC,PDLC,0.0055,0.007,0.9876
0.22465914,0.5900996,0.7287614,0.6707948,0.08422719,0.26201633,0.00054868305,0.00054868305,0.018674646,0.007851134,0.014402774,0.0032023191,0.00054868305,0.0025774005,PDLC,PDLC,0.0059,0.008,0.9861
0.42047843,0.766305,0.0054838704,0.52310264,0.123796694,0.647041,0.00054838706,0.00054838706,0.014931656,0.021318562,0.00054838706,0.0056581884,0.03557947,0.00560661,PDLC,PDLC,0.0065,0.0077,0.9858
0.5297191,2.2246687,0.9108813,0.6863111,0.23365948,0.8824926,0.035105776,0.00053115044,0.023324056,0.013989856,0.00053115044,0.0049267733,0.00053115044,0.013913528,PDLC,PDLC,0.0059,0.0223,0.9718
1.9015925,6.4506674,4.46806,0.5650631,0.18725532,0.9462187,0.2522621,0.00050632487,0.019192796,0.01525944,0.009881483,0.0041688033,0.00050632487,0.0128435,PDLC,PDLC,0.0214,0.0109,0.9677
0.12218251,0.27820423,0.004996766,0.31295684,0.004996766,0.55007094,0.012423898,0.0004996766,0.0074696057,0.0004996766,0.0004996766,0.0033329132,0.0004996766,0.008864117,PDLC,PDLC,0.005,0.0037,0.9914
1.246648,1.1121758,0.005532406,0.72930163,0.005532406,0.18492426,0.047013175,0.0005532406,0.030718358,0.0005532406,0.007387486,0.006054222,0.0005532406,0.0036383327,PDLC,PDLC,0.2353,0.0072,0.7575
0.9467311,1.7442602,1.3912349,0.5113233,0.005760299,0.55513614,0.009699304,0.0005760299,0.016299397,0.0046682847,0.0005760299,0.00630361,0.0005760299,0.009327259,PDLC,PDLC,0.0061,0.0067,0.9872
0.8441349,2.95001,1.8336728,0.5949361,0.0061533717,0.25917155,0.07756351,0.00061533717,0.00061533717,0.014570925,0.012219661,0.005964185,0.040819354,0.005815013,PDLC,PDLC,0.0183,0.0259,0.9558
1.4283557,3.0331838,1.6424819,0.61989045,0.0056272135,0.5343017,0.00056272134,0.00056272134,0.08502183,0.00056272134,0.017597083,0.0038120777,0.00056272134,0.008800781,PDLC,PDLC,0.0716,0.0147,0.9137
1.4222591,1.9087408,0.0053618005,0.8454858,0.09799058,0.56932265,0.007172018,0.00053618004,0.025477177,0.00053618004,0.0052626664,0.0050851884,0.00053618004,0.014193437,PDLC,PDLC,0.024,0.004,0.972
0.171501,0.26094127,0.0053489627,0.23880196,0.0053489627,0.28464842,0.0074915444,0.0005348963,0.010137913,0.0005348963,0.0025639858,0.0036235806,0.0005348963,0.0019509894,PDLC,PDLC,0.005,0.0052,0.9898
0.8886584,1.3103123,0.68147665,0.09293781,0.09178756,0.5918921,0.0005283437,0.0005283437,0.0070519173,0.0005283437,0.008381623,0.0064976094,0.0005283437,0.0023066679,PDLC,PDLC,0.0103,0.0232,0.9665
0.006064777,0.2718367,0.006064777,0.16331705,0.05214503,0.21065056,0.010689186,0.00060647767,0.0063139345,0.01021407,0.00060647767,0.00060647767,0.00060647767,0.0062675504,PDLC,PDLC,0.0055,0.0074,0.9871
2.3981543,0.14597233,0.0054102577,0.26007485,0.5407921,0.29883566,0.0005410258,0.0005410258,0.008087729,0.0005410258,0.21494073,0.0005410258,0.05716365,0.0005410258,PDLC,CT,0.9209,0.0208,0.0583
0.005623335,0.742645,0.85332364,0.14426339,0.005623335,0.11474649,4.6020446,1.1294836,0.0005623335,0.0005623335,0.0005623335,0.0005623335,0.0005623335,0.0005623335,PDLC,PDLC,0.0063,0.0071,0.9866
3.6816971,1.2841924,0.0066394466,0.55080205,0.0066394466,0.42980954,0.09246703,0.00066394464,0.00066394464,0.00066394464,0.030385964,0.0039442256,0.08281782,0.011411262,CT,CT,0.961,0.0045,0.0345
0.13710545,2.5280254,2.1025927,0.25636423,0.13876697,0.13719206,0.010774394,0.0005851877,0.038428277,0.0014079303,0.006879061,0.0050620716,0.022839919,0.0005851877,PCM,PCM,0.0092,0.9574,0.0334
0.061079826,0.8930866,0.004857058,0.08482881,0.2818394,0.42353067,0.03133783,0.0004857058,0.11921905,0.0025831817,0.002328195,0.009921661,0.0004857058,0.0004857058,PCM,PCM,0.0061,0.9835,0.0105
0.24340035,0.23136276,0.0051261163,0.21953619,0.043772537,0.14738718,6.411235,0.12082204,0.114191934,0.0055823782,0.0076055136,0.002884943,0.038073536,0.00051261164,PCM,PCM,0.033,0.7771,0.1899
0.06271365,1.1863343,1.3594239,0.10438645,0.006041918,0.006041918,3.588298,0.016726632,0.026773402,0.005814613,0.0051027383,0.0043448918,0.01918209,0.0006041918,PCM,PCM,0.009,0.6228,0.3682
0.005673106,1.3704991,2.7003043,0.63490146,0.005673106,0.005673106,3.8880405,0.031064115,0.065270774,0.00056731055,0.00056731055,0.00056731055,0.09426948,0.00056731055,PCM,PCM,0.0712,0.6577,0.2711
0.09549074,0.8814773,0.9253837,0.1179327,0.080127016,0.10678605,0.06751431,0.00057898305,0.9096406,0.034458477,0.00057898305,0.020274967,0.00057898305,0.00057898305,PCM,PCM,0.0078,0.9614,0.0308
0.20101117,0.20742765,0.8444987,0.12057123,0.05386436,0.0056693354,6.730384,0.0490799,0.07536715,0.021393448,0.045551382,0.01311717,0.00056693354,0.00056693354,PCM,PCM,0.0264,0.8976,0.076
0.061349917,0.06116373,8.073243,1.3617353,0.006116373,0.006116373,0.39973086,0.0030871874,0.0006116373,0.0006116373,0.0035600893,0.0006116373,0.019908387,0.0006116373,PCM,PDLC,0.0109,0.274,0.7151
0.5082757,0.8462847,0.005439432,0.29784092,0.43970752,0.25870672,0.042884767,0.0005439432,0.4485306,0.0005439432,0.0005439432,0.009977489,0.0005439432,0.0005439432,PCM,PCM,0.0082,0.9747,0.0172
0.0045790016,0.14254035,0.0045790016,0.032333393,0.14642523,0.3462696,0.00045790017,0.0038520205,0.029886173,0.00045790017,0.00045790017,0.0084946565,0.00045790017,0.00045790017,PCM,PCM,0.0061,0.9236,0.0703
2.5335276,2.3817713,0.91409886,0.14947426,0.20180614,0.72357327,11.893005,0.10399482,0.02809674,0.0077531775,0.24537367,0.005165734,0.11341397,0.00058312016,PCM,PCM,0.1739,0.8048,0.0213
0.8892273,1.2662414,0.0059725908,0.12527381,0.0059725908,0.7583477,14.858355,0.10733855,0.052135214,0.006352935,0.073140725,0.008029851,0.11111898,0.0005972591,PCM,PCM,0.1323,0.7328,0.1349
0.38725543,2.0161204,1.0269002,0.11424362,0.30477193,0.17163832,0.0005268304,0.0005268304,0.077208266,0.0026684753,0.005712039,0.0068633454,0.047876235,0.0005268304,PCM,PCM,0.0085,0.982,0.0095
2.872383,0.3628265,0.0050751385,0.14260475,0.22943826,0.17783873,0.0005075139,0.0005075139,0.19644299,0.0005075139,0.031335883,0.007510888,0.020436551,0.0005075139,PCM,CT,0.9437,0.049,0.0073
0.17052646,0.27229518,1.4732018,0.44123185,0.3076529,0.15466604,0.008351727,0.0005415499,0.082618125,0.0043202746,0.006736925,0.0047410307,0.0005415499,0.0005415499,PCM,PCM,0.0059,0.9859,0.0082
0.12418673,0.33469668,1.6064614,0.27821368,0.13111621,0.11791107,0.0005173759,0.0005173759,0.19777428,0.0005173759,0.0014761923,0.004421555,0.0005173759,0.0005173759,PCM,PCM,0.0054,0.9858,0.0088
0.09992474,0.58409315,1.1001148,0.26333845,0.15693174,0.22115614,0.0005050169,0.0005050169,0.1412149,0.0005050169,0.0005050169,0.0097371675,0.0005050169,0.0032374666,PCM,PCM,0.0053,0.9877,0.007
0.7873745,1.2996892,1.6510047,0.25168243,0.28048164,0.50914466,0.00049253,0.00049253,0.6771778,0.00049253,0.008993928,0.008931758,0.00049253,0.00049253,PCM,PCM,0.0075,0.962,0.0305
0.6741104,0.63627523,0.0056180074,0.48988995,0.13090524,0.0056180074,0.0005618007,0.022513274,0.043341182,0.009105937,0.016093584,0.0005618007,0.0005618007,0.0005618007,PCM,PCM,0.05,0.6356,0.3144
0.317443,0.48123655,1.3317894,0.44468623,0.19170754,0.13385224,0.0005567825,0.005876108,0.07817934,0.013677908,0.012264212,0.0049324143,0.036894493,0.0005567825,PCM,PCM,0.0066,0.9874,0.0059
0.15845078,0.2036079,3.5373425,0.4780259,0.2279412,0.0063313963,0.0006331396,0.0006331396,0.0036337797,0.0006331396,0.030710379,0.0006331396,0.030889358,0.0006331396,PCM,PCM,0.009,0.9292,0.0619
0.25590882,0.25376242,2.3657517,0.54852325,0.14359699,0.0063115773,0.0006311577,0.0006311577,0.045069456,0.0055945907,0.096164756,0.0039467914,0.040536016,0.0006311577,PCM,PCM,0.0203,0.9698,0.0099
0.0980987,0.12311984,1.3492029,0.463116,0.40204096,0.19549346,0.0005207417,0.0005207417,0.086533114,0.003165162,0.042434327,0.004178959,0.036288485,0.0005207417,PCM,PCM,0.0066,0.9874,0.006
0.004896177,0.51206744,0.004896177,0.15261237,0.36676636,0.18540989,0.0004896177,0.0004896177,0.07632918,0.002975985,0.0037439382,0.005306956,0.017362837,0.0004896177,PCM,PCM,0.0087,0.9803,0.0109
0.22631115,0.13688609,2.585539,0.5639272,0.33113623,0.10389677,0.0025817303,0.00058592367,0.107296556,0.00058592367,0.015179716,0.0051295036,0.03622291,0.00058592367,PCM,PCM,0.0074,0.9866,0.006
0.5372635,4.0719433,4.817109,0.8169723,0.39982864,0.13873096,0.0005679886,0.0005679886,0.18475056,0.0011507791,0.011862806,0.01041855,0.07188263,0.0034528181,PCM,PCM,0.0107,0.9808,0.0085
0.7308245,1.5578109,3.6215694,0.8138019,0.4518555,0.13264212,0.0038970679,0.0006191077,0.0737092,0.0021167146,0.5466123,0.008194546,0.19696216,0.0036951439,PCM,PCM,0.0262,0.9628,0.011
0.047266085,0.16993494,0.9212186,0.223582,0.24586874,0.20013176,0.00051060115,0.00051060115,0.12226295,0.00051060115,0.00051060115,0.0067051323,0.00051060115,0.0014673257,PCM,PCM,0.005,0.9903,0.0046
0.10387301,0.15962884,0.00521682,0.1291481,0.21044649,0.33962104,0.000521682,0.010053828,0.52974516,0.0043599564,0.005715758,0.0067962743,0.000521682,0.000521682,PCM,PCM,0.0062,0.9856,0.0082
0.068160474,0.08618188,2.801792,0.49024734,0.20971198,0.0062511107,0.00062511105,0.008222629,0.031955574,0.005857621,0.0059928475,0.0037135312,0.019072419,0.00062511105,PCM,PCM,0.0056,0.9879,0.0066
0.646408,0.6892884,2.463866,0.5231905,0.23910439,0.3246404,0.0005641712,0.0005641712,0.47763512,0.005715224,0.0005641712,0.015405196,0.0005641712,0.0036790385,PCM,PCM,0.0065,0.9859,0.0076
0.08103832,0.26112676,1.299274,0.23270413,0.19794255,0.14003557,0.0039670435,0.0080702,0.052348405,0.014921591,0.008497422,0.010692513,0.04619006,0.0005862552,PCM,PCM,0.0095,0.9801,0.0104
0.41356522,0.37419206,2.1285481,0.6817059,0.42507118,0.18391997,0.0005892238,0.0075703277,0.0975984,0.0019399298,0.1297207,0.009518467,0.06628929,0.0005892238,PCM,PCM,0.0069,0.9879,0.0053
0.07241809,0.23770383,1.2992927,0.29824182,0.07452939,0.1435048,0.0005486526,0.0005486526,0.38731262,0.026609002,0.0032560986,0.003602409,0.0005486526,0.0024862953,PCM,PCM,0.006,0.9086,0.0855
0.14873765,0.15592849,3.0773938,0.69344926,0.32452095,0.005902087,0.0030650059,0.0005902087,0.057821892,0.0019431723,0.029503698,0.0054745777,0.057159945,0.0005902087,PCM,PCM,0.0132,0.9804,0.0065
0.0048095677,0.1591688,0.0048095677,0.15403236,0.15427023,0.13634324,0.00048095678,0.00048095678,0.5388472,0.0012789622,0.0017565187,0.00842113,0.00048095678,0.00048095678,PCM,PCM,0.005,0.9895,0.0055
0.328604,0.44935486,1.2787236,0.78185606,0.4332073,0.17872202,0.00053996686,0.00053996686,0.074088514,0.0023247616,0.036667462,0.0074284137,0.033303134,0.00053996686,PCM,PCM,0.0082,0.985,0.0068
0.12008217,0.17045833,2.2129035,0.309961,0.06849306,0.0063324384,0.0006332438,0.0059082094,0.0118328575,0.0018442983,0.0138761485,0.0006332438,0.016046666,0.0006332438,PCM,PCM,0.0071,0.9527,0.0402
0.2295328,0.17147586,2.9184067,0.80770034,0.35365897,0.13603355,0.0047404044,0.008949046,0.07252601,0.004914818,0.008991579,0.007063845,0.046105742,0.0005792957,PCM,PCM,0.0084,0.9844,0.0072
0.35223302,0.30959445,2.1874516,0.76849407,0.40264878,0.11489469,0.0005845464,0.0026822258,0.070296615,0.009918732,0.007938944,0.0055439,0.038478844,0.0005845464,PCM,PCM,0.0067,0.9874,0.0059
0.1339266,0.2811787,2.1112425,0.6086738,0.22657551,0.11274769,0.0005891888,0.0005891888,0.12724,0.022830127,0.006186416,0.005465118,0.017804803,0.0022792607,PCM,PCM,0.0054,0.9894,0.0052
0.39760077,0.58789796,0.9771264,0.35524702,0.3475425,0.31186995,0.0004928872,0.0004928872,0.21485941,0.0004928872,0.015807044,0.014023785,0.015217665,0.0032414247,PCM,PCM,0.0065,0.9864,0.0072
0.05381789,0.07478538,0.004719723,0.11201047,0.13943668,0.24344751,0.00047197228,0.00047197228,0.27339897,0.00047197228,0.00047197228,0.00491894,0.00047197228,0.0028691324,PCM,PCM,0.0057,0.9672,0.027
0.3622564,1.6469399,2.118786,0.9734194,0.4394853,0.31654918,0.0005331808,0.0193276,0.26444834,0.010194919,0.05141951,0.021282777,0.09519838,0.0005331808,PCM,PCM,0.0131,0.9807,0.0062
0.25899783,2.3573303,1.6923532,0.29170564,0.30804175,0.3079312,0.0004983253,0.009527479,0.145862,0.00246099,0.014388986,0.008413621,0.0004983253,0.0004983253,PCM,PCM,0.0054,0.989,0.0056
0.5989563,1.1642791,0.83564526,0.27985752,0.5107972,0.46319008,0.00049413275,0.00049413275,0.29494163,0.003253714,0.0034400935,0.016016185,0.00049413275,0.00049413275,PCM,PCM,0.0055,0.9881,0.0065
0.1089456,0.5975352,1.871902,0.3166684,0.42561308,0.23003356,0.0005173367,0.015509023,0.11835177,0.0005173367,0.009033613,0.0060387403,0.0005173367,0.0005173367,PCM,PCM,0.0052,0.9892,0.0056
0.12732042,0.5999476,1.3057047,0.22903377,0.18106823,0.15719634,0.00057398743,0.019753315,0.10265919,0.00057398743,0.002816875,0.005802687,0.00057398743,0.00057398743,PCM,PCM,0.0053,0.9886,0.0061
0.6312615,2.1736262,1.5364201,0.1951057,0.14942071,0.0057577835,0.00057577837,0.015851958,0.3629643,0.00057577837,0.03265942,0.012961764,0.00057577837,0.006459409,PCM,PCM,0.0183,0.9556,0.0261
0.07195902,0.36862037,0.004863362,0.18115558,0.13480167,0.13609107,0.00048633618,0.0043887785,0.13229133,0.0036334647,0.00048633618,0.0066399206,0.00048633618,0.00048633618,PCM,PCM,0.0067,0.9809,0.0125
0.1683266,0.2572389,1.3039889,0.30541605,0.27403304,0.13733537,0.0005193375,0.007863935,0.36675668,0.0005193375,0.0032006647,0.011312301,0.0005193375,0.0005193375,PCM,PCM,0.005,0.9897,0.0053
1.2227011,2.582348,1.5340854,0.40156952,0.28051925,0.20478114,0.0004902302,0.008622893,0.21690735,0.0056490297,0.009119782,0.01062719,0.0004902302,0.0004902302,PCM,PCM,0.0311,0.9566,0.0123
0.45556983,0.6274278,0.0045182696,0.17236009,0.16984975,0.20403294,0.00045182696,0.00045182696,0.34507272,0.00045182696,0.004434732,0.009370877,0.00045182696,0.00045182696,PCM,PCM,0.0069,0.984,0.0091
1.1870009,1.1107124,1.2305608,0.5078307,0.32891494,0.6128581,0.0005092883,0.0005092883,0.14798333,0.0005092883,0.048650343,0.01279192,0.0005092883,0.00450324,PCM,PCM,0.0174,0.8902,0.0924
0.124928035,1.5729176,1.6840456,0.13407758,0.30170706,0.25405866,0.000505744,0.008276937,0.15417625,0.000505744,0.0024242466,0.0063250945,0.000505744,0.000505744,PCM,PCM,0.0052,0.9887,0.0061
0.11816194,0.2078517,1.2499547,0.18654375,0.31292012,0.42578498,0.0005114141,0.0005114141,0.123618014,0.0005114141,0.0049028513,0.009540711,0.0005114141,0.0021197046,PCM,PCM,0.0051,0.9894,0.0055
0.5053483,0.72788894,3.3850698,0.44194078,0.3345028,0.0056668576,0.0064207623,0.021495575,0.11012713,0.00056668575,0.0072436435,0.0089772,0.00056668575,0.00056668575,PCM,PCM,0.0068,0.9859,0.0073
0.05808588,0.38655633,0.004890685,0.15080641,0.18634564,0.35319105,0.0004890685,0.015110406,0.32612398,0.0004890685,0.0004890685,0.0061165416,0.0004890685,0.0004890685,PCM,PCM,0.0055,0.9846,0.0099
0.07476758,0.1609874,0.80384016,0.10478909,0.08941412,0.28169367,0.0005010929,0.0059781647,0.1632588,0.0005010929,0.0026878982,0.0049090907,0.0005010929,0.0005010929,PCM,PCM,0.0059,0.9713,0.0228
0.1764333,0.39405873,3.2654402,0.5668083,0.21368775,0.0061327782,0.0034743338,0.014820725,0.14529352,0.006911617,0.005879404,0.0065194727,0.022016019,0.00061327784,PCM,PCM,0.0059,0.9886,0.0055
0.5536846,1.9389145,3.2399697,0.5675326,0.27662638,0.34630775,0.0005384754,0.010130388,0.51229984,0.0005384754,0.061640132,0.00819358,0.027486438,0.0005384754,PCM,PCM,0.0091,0.9813,0.0095
0.17565155,0.3253388,0.92447835,0.20852643,0.22141321,0.38402852,0.00048785604,0.011715111,0.14305808,0.00048785604,0.0048997183,0.012253601,0.00048785604,0.00048785604,PCM,PCM,0.0051,0.9898,0.0051
0.09788201,0.2500639,0.8065476,0.21472284,0.22696942,0.28231898,0.00050358346,0.0040822765,0.14195673,0.00050358346,0.00050358346,0.0075576883,0.00050358346,0.002782998,PCM,PCM,0.0054,0.9887,0.0059
0.071636155,0.19196497,1.0038273,0.14739618,0.2365274,0.4694376,0.0005090485,0.0028808191,0.32816857,0.0005090485,0.0015686271,0.012096203,0.0005090485,0.003122652,PCM,PCM,0.005,0.9897,0.0053
0.12162601,0.24176033,2.0205634,0.28739527,0.1597743,0.26359895,0.00056287844,0.0054238825,0.3199727,0.00056287844,0.00056287844,0.011556754,0.00056287844,0.0022708,PCM,PCM,0.005,0.9897,0.0052
0.32615885,0.39711317,2.4733307,0.45492342,0.1602213,0.08582025,0.006645276,0.010796912,0.224189,0.00063026976,0.02445694,0.009261911,0.037587628,0.00063026976,PCM,PCM,0.0146,0.9753,0.0102
0.09272507,0.6690615,1.0961078,0.08664254,0.3154372,0.0049549807,0.00049549807,0.005077756,0.054627664,0.0011921418,0.0045240633,0.0038214545,0.00049549807,0.00049549807,PCM,PCM,0.0069,0.9754,0.0176
0.05377632,0.5229884,0.7435241,0.13742456,0.14938086,0.3234495,0.0005107221,0.004686957,0.11779288,0.0005107221,0.001340631,0.012774707,0.0005107221,0.0027942243,PCM,PCM,0.0061,0.9765,0.0174
0.51000094,0.36467797,1.7526516,0.28854674,0.20200948,0.17757803,0.00054506183,0.0046686237,0.09181122,0.00054506183,0.025442854,0.005169424,0.00054506183,0.00054506183,PCM,PCM,0.0067,0.9865,0.0067
0.23059861,0.23102967,1.6799564,0.27714145,0.16416834,0.17944402,0.0005527471,0.0050726254,0.06492318,0.0005527471,0.004794428,0.004320587,0.0005527471,0.0005527471,PCM,PCM,0.0057,0.9848,0.0095
0.15983997,0.44929764,0.99393,0.09498357,0.1590667,0.17055011,0.0005237994,0.0041660396,0.09158554,0.0005237994,0.0005237994,0.0054590865,0.0005237994,0.0005237994,PCM,PCM,0.0054,0.9878,0.0068
0.67636234,0.5238771,1.0004387,0.264405,0.20506877,0.43304786,0.00051869976,0.0029354377,0.08570918,0.00051869976,0.015746877,0.007838611,0.00051869976,0.0034398437,PCM,PCM,0.0124,0.9423,0.0453
0.054644387,0.24387948,0.0048775896,0.08304752,0.38758752,0.0048775896,0.00048775898,0.0073111625,0.07962003,0.00048775898,0.00048775898,0.0071168584,0.00048775898,0.00048775898,PCM,PCM,0.006,0.9744,0.0197
0.47938538,0.55524135,2.0076864,0.31622455,0.0053074053,0.0053074053,0.00053074054,0.030116968,1.0406969,0.00053074054,0.009207094,0.010067199,0.00053074054,0.00053074054,PCM,PCM,0.0103,0.9635,0.0262
0.27158803,0.9540477,4.425022,0.99127465,0.33468226,0.006226948,0.0006226948,0.014476844,0.09690907,0.0024443832,0.009523066,0.007722843,0.027704544,0.0006226948,PCM,PCM,0.0076,0.9864,0.006
0.2556287,0.46139082,0.99966186,0.19293556,0.085052095,0.0056415675,0.00056415674,0.011390134,0.010843086,0.00056415674,0.0022535364,0.0042333803,0.00056415674,0.00056415674,PCM,PDLC,0.0073,0.4625,0.5301
1.0639338,1.394336,2.0861266,0.493199,0.3082957,0.3509225,0.0005573172,0.0005573172,0.24659066,0.0019054544,0.024361162,0.007609021,0.023334842,0.0033263476,PCM,PCM,0.0121,0.9747,0.0132
16.965057,3.5960557,3.443718,0.31743982,0.30849567,0.21738236,0.047655746,0.0047947336,0.018236276,0.0005914711,0.83009815,0.017876666,0.09040252,0.0005914711,PCM,CT,0.978,0.0127,0.0092
1.0141447,1.4969201,1.3847532,0.43745342,0.1582824,0.005389854,0.0005389854,0.0005389854,0.21876813,0.0005389854,0.019930527,0.0102797635,0.0005389854,0.0005389854,PCM,PCM,0.0291,0.954,0.0168
0.99675864,0.39796177,0.0049471324,0.1779715,0.2988168,0.68256646,0.00049471325,0.00049471325,0.10578076,0.00049471325,0.0059284284,0.010363456,0.032565407,0.0066709053,PCM,PCM,0.0334,0.86,0.1066
0.62422,3.917375,2.2188518,0.16786389,0.15147024,0.30454788,0.0058996417,0.0005595502,0.10157074,0.020831414,0.07867677,0.015045748,0.08165285,0.0005595502,PCM,PCM,0.0148,0.975,0.0102
0.07098056,0.05070871,0.005070871,0.07373193,0.15996408,0.3369463,0.0005070871,0.0005070871,0.028426442,0.002440049,0.0019098237,0.0040165316,0.0005070871,0.0005070871,PCM,PCM,0.0057,0.9136,0.0807
0.16732457,0.12933624,0.8789132,0.11899892,0.18240874,0.35680574,0.00053434534,0.00053434534,0.046572104,0.0042628,0.004207924,0.0050120982,0.00053434534,0.00053434534,PCM,PCM,0.0064,0.9788,0.0149
0.37096316,0.7963661,2.7889273,0.39047468,0.0057581184,0.32790577,0.00057581184,0.00057581184,0.042961854,0.0045936033,0.015772065,0.005881142,0.00057581184,0.00057581184,PCM,PCM,0.012,0.6917,0.2963
0.15110967,0.095059976,0.8694234,0.13526653,0.14189345,0.23337705,0.00055817264,0.00055817264,0.036356244,0.004028801,0.015161503,0.0033740504,0.011624363,0.00055817264,PCM,PCM,0.0098,0.9602,0.03
0.5264064,1.2890733,0.78637993,0.79157907,1.09167,0.74294114,0.0005099666,0.0005099666,0.22734155,0.0034871274,0.0005099666,0.018123876,0.0005099666,0.008313906,PCM,PCM,0.009,0.9025,0.0885
0.51333374,1.0940524,3.6584933,0.7165149,0.42446795,0.006324436,0.035132438,0.0006324436,0.0105517,0.0065670153,0.054640472,0.030452209,0.14713882,0.0006324436,PCM,PCM,0.1106,0.8398,0.0496
0.5000875,0.4979375,0.004613837,0.14332996,1.0422841,0.60472536,0.007768869,0.0004613837,0.07389825,0.0004613837,0.005423707,0.037218444,0.031278543,0.011015073,PCM,PCM,0.0165,0.8363,0.1473
0.4311395,0.9119008,0.90601015,0.11748523,0.16954416,0.46640223,0.506304,0.00053712184,0.045021825,0.0054412056,0.00527191,0.013826898,0.00053712184,0.00053712184,PCM,PCM,0.0086,0.9086,0.0828
0.5311168,0.80797535,0.96549237,0.2637118,0.28631717,0.30850673,0.006555679,0.00050191226,0.05352605,0.018558506,0.007504052,0.018569969,0.041262574,0.00050191226,PCM,PCM,0.0127,0.969,0.0183
0.40742752,0.62868166,1.9001422,0.4371766,0.561667,0.30079395,0.007828425,0.0005466649,0.030353246,0.02235919,0.033378877,0.03350067,0.04725051,0.0005466649,PCM,PCM,0.0108,0.9606,0.0286
0.5734292,1.2964537,0.6904479,0.100767106,0.16532806,0.5440896,0.099031486,0.00047103703,0.02508526,0.00047103703,0.0029567492,0.01021112,0.00047103703,0.00047103703,PCM,PCM,0.0061,0.5612,0.4327
0.9042549,1.1773181,0.004599661,0.09244101,0.8745694,0.41762826,0.009265046,0.0004599661,0.01823362,0.0004599661,0.0077168476,0.05162934,0.0004599661,0.0004599661,PCM,PCM,0.0104,0.8723,0.1173
0.30960366,0.27615055,2.945465,0.40299487,0.3166258,0.0061610206,2.6074731,0.031191463,0.046379108,0.0013262761,0.003937653,0.004944227,0.03319854,0.0006161021,PCM,PCM,0.0075,0.9795,0.013
0.2731045,0.28289092,4.0093064,0.4946288,0.35683286,0.0064689605,0.34163964,0.012664836,0.009065974,0.0009829878,0.0026578703,0.0041126274,0.03532892,0.0006468961,PCM,PCM,0.0088,0.9333,0.0579
0.20683968,0.17498647,0.004916798,0.25504854,0.15848184,0.3418383,0.00049167976,0.00049167976,0.069759965,0.00049167976,0.012008613,0.0054830364,0.00049167976,0.00203791,PCM,PCM,0.0131,0.9604,0.0265
0.43197694,0.5434686,0.0046179704,0.6795702,0.41980729,1.3852314,0.00046179706,0.00046179706,0.012450683,0.00046179706,0.006324543,0.0065455344,0.00046179706,0.0058187195,PDLC,PDLC,0.006,0.0661,0.9279
0.039402086,0.18685427,0.00465828,0.23696725,0.06894788,0.70587325,0.00046582796,0.00046582796,0.036310233,0.00046582796,0.00046582796,0.00046582796,0.00046582796,0.0037585457,PDLC,PDLC,0.0053,0.0112,0.9835
0.50595886,1.0647446,0.9671412,0.48549867,0.20299664,0.99871796,0.00048709632,0.00048709632,0.016773557,0.00048709632,0.006837805,0.005482689,0.00048709632,0.007375761,PDLC,PDLC,0.0052,0.0165,0.9783
0.14870143,0.30659184,0.005854279,0.18920277,0.005854279,0.20243852,0.00058542786,0.00058542786,0.00058542786,0.011861121,0.020779282,0.00058542786,0.00058542786,0.0019411811,PDLC,PDLC,0.007,0.0066,0.9864
0.004775892,0.091167994,0.004775892,0.19426037,0.004775892,0.42380115,0.0004775892,0.0004775892,0.00643823,0.0004775892,0.0004775892,0.0004775892,0.0004775892,0.0018211469,PDLC,PDLC,0.0051,0.0045,0.9904
0.005035855,0.05230629,0.005035855,0.07795701,0.061388753,0.30275562,0.11966356,0.001771561,0.0005035855,0.0005035855,0.0025288474,0.0005035855,0.0005035855,0.0022264072,PDLC,PDLC,0.0055,0.0059,0.9885
0.23338991,0.79154015,0.0056518433,0.40227777,0.053587224,0.32783213,0.00056518434,0.00056518434,0.00056518434,0.0014313719,0.01664204,0.0032397227,0.00056518434,0.0046226736,PDLC,PDLC,0.0053,0.0042,0.9906
0.050131954,0.38627625,0.005979728,0.38301638,0.005979728,0.3919323,0.0005979728,0.0005979728,0.013328723,0.0005979728,0.0005979728,0.0005979728,0.0005979728,0.0005979728,PDLC,PDLC,0.0053,0.0058,0.9889
0.20428582,0.33336815,0.0046048183,0.09100545,0.0046048183,0.33290085,0.00046048182,0.0036624435,0.00046048182,0.00046048182,0.015871435,0.00046048182,0.00046048182,0.00046048182,PDLC,PDLC,0.0092,0.0092,0.9816
0.21999742,0.41468665,0.004947843,0.56820554,0.109364994,0.39024356,0.006618303,0.0004947843,0.03295392,0.0004947843,0.0047998936,0.0034549816,0.037758242,0.0033906193,PDLC,PDLC,0.0103,0.0064,0.9834
25.529552,4.908487,2.55198,0.649386,0.0050658667,0.2904329,0.33641705,0.14442912,0.0005065867,0.0005065867,0.0005065867,0.042079166,0.0005065867,0.0005065867,PDLC,PDLC,0.3482,0.0146,0.6373
1.955678,2.4641483,1.2018763,0.840435,0.23913209,1.1271979,0.00052621454,0.00052621454,0.067917235,0.00052621454,0.4954056,0.0078424895,0.06659586,0.009596618,PDLC,CT,0.5875,0.0536,0.3588
0.60788745,1.085283,0.0049934234,0.4952009,0.2724024,0.9092571,0.00049934234,0.00049934234,0.00049934234,0.00049934234,0.009688222,0.004891942,0.00049934234,0.0059054582,PDLC,PDLC,0.0061,0.0087,0.9853
0.042180978,0.15291749,0.004972145,0.31671235,0.12346911,0.28964972,0.0004972145,0.0004972145,0.0037164,0.0010703482,0.0004972145,0.0004972145,0.0004972145,0.0018410264,PDLC,PDLC,0.0052,0.0199,0.9749
0.004932782,0.06569862,0.004932782,0.28576273,0.05722732,0.37226397,0.0004932782,0.0004932782,0.023043616,0.0004932782,0.0004932782,0.0004932782,0.0004932782,0.0034893402,PDLC,PDLC,0.0051,0.0056,0.9893
0.14376184,0.24989787,0.004966972,0.2310871,0.062499095,0.35784054,0.0004966972,0.0004966972,0.012596095,0.0004966972,0.0012471282,0.0004966972,0.0004966972,0.0018940098,PDLC,PDLC,0.005,0.004,0.991
0.0045886706,0.0788633,0.0045886706,0.058188792,0.0045886706,0.28990275,0.06462815,0.00045886706,0.022661008,0.00045886706,0.00045886706,0.00045886706,0.00045886706,0.008977006,PDLC,PDLC,0.0053,0.0141,0.9807
0.004669575,0.04669575,0.004669575,0.27188054,0.004669575,0.35437617,0.00046695748,0.00046695748,0.019445656,0.00046695748,0.00046695748,0.00046695748,0.00046695748,0.0031225123,PDLC,PDLC,0.005,0.0059,0.989
0.005373144,0.09955233,0.005373144,0.07397376,0.0469367,0.2668178,0.045828916,0.0013149328,0.0040161246,0.00053731445,0.0026982236,0.00053731445,0.00053731445,0.002820938,PDLC,PDLC,0.0055,0.0067,0.9878
0.049805306,0.15434521,0.005591308,0.08632203,0.06936726,0.17022543,0.0032555694,0.0005591308,0.0005591308,0.0005591308,0.0010210105,0.0005591308,0.0005591308,0.0032753726,PDLC,PDLC,0.0054,0.0078,0.9867
2.628922,1.3379083,0.00497718,0.62366825,0.31411478,0.63473505,0.37039447,0.00049771805,0.00049771805,0.00049771805,0.112074606,0.004097939,0.041896313,0.00049771805,PDLC,CT,0.764,0.0128,0.2232
0.107387304,0.31713647,0.0049356287,0.24674535,0.14378063,0.4954044,0.0029514665,0.0004935629,0.005270152,0.0004935629,0.032953013,0.0004935629,0.023109367,0.005264307,PDLC,PDLC,0.0071,0.0056,0.9873
1.0844539,1.1191617,0.0061197896,0.7263151,0.0061197896,0.6873523,0.023209473,0.00061197893,0.017316613,0.00061197893,0.058948897,0.004464672,0.00061197893,0.010991609,PDLC,PDLC,0.011,0.0039,0.9851
0.056977622,0.17411132,1.4421947,0.33461955,0.18757167,0.11939823,0.00053984614,0.00053984614,0.13380505,0.009570407,0.00053984614,0.0068078563,0.00053984614,0.0016110357,PCM,PCM,0.0051,0.99,0.0049
0.091179185,0.16187695,0.0049853744,0.18642949,0.19973989,0.22090743,0.00049853744,0.00049853744,0.13008739,0.00049853744,0.006543233,0.006598672,0.00049853744,0.002148987,PCM,PCM,0.0054,0.9889,0.0056
0.0046505276,0.1595627,0.0046505276,0.058681738,0.12744173,0.17494485,0.00046505278,0.00046505278,0.1407163,0.00046505278,0.0009553698,0.004265205,0.00046505278,0.00046505278,PCM,PCM,0.0053,0.9862,0.0085
0.27766797,0.5642044,1.085973,0.12314763,0.1724451,0.005463121,0.0005463121,0.004261535,0.042729624,0.0010376824,0.017582744,0.0043841614,0.0005463121,0.0005463121,PCM,PCM,0.0096,0.9759,0.0145
0.5943287,0.5676312,0.004800384,0.646543,0.004800384,1.0543193,0.00048003838,0.00048003838,0.011468844,0.00048003838,0.00048003838,0.0033019837,0.00048003838,0.0059955055,PDLC,PDLC,0.005,0.0036,0.9913
0.50100875,0.8896437,0.005404961,0.6805461,0.09697566,0.6925119,0.043038275,0.0005404961,0.042130444,0.007597101,0.0005404961,0.003717847,0.0005404961,0.012724583,PDLC,PDLC,0.0052,0.0038,0.991
0.11327162,0.24287459,2.4109976,0.43350083,0.2081283,0.12261811,0.0005903381,0.0005903381,0.09400087,0.0005903381,0.0044467375,0.0095979925,0.0005903381,0.0018922138,PCM,PCM,0.005,0.99,0.005
0.22202869,0.047687385,0.0047687385,0.57344013,0.0047687385,0.724904,0.025965182,0.00047687383,0.06396762,0.00047687383,0.00047687383,0.004870624,0.00047687383,0.010778746,PDLC,PDLC,0.006,0.012,0.982
0.1374334,0.97842914,0.0062449607,0.41070333,0.0062449607,0.3647578,0.0006244961,0.0006244961,0.033674546,0.0006244961,0.002138197,0.0048814183,0.0006244961,0.0006244961,PDLC,PDLC,0.0075,0.0272,0.9653
0.13794337,0.3656561,0.0057409084,0.1640705,0.0057409084,0.08148301,0.14301227,0.0033367164,0.0005740908,0.0005740908,0.0005740908,0.0005740908,0.0005740908,0.0005740908,PDLC,PDLC,0.0056,0.0054,0.9889
0.17046952,0.5554126,0.005674483,0.18042834,0.052242402,0.4227815,0.0005674483,0.0005674483,0.03938404,0.011209423,0.0005674483,0.0005674483,0.0005674483,0.0031045803,PDLC,PDLC,0.0056,0.0076,0.9868
0.12540843,0.55203855,0.005941039,0.34491712,0.005941039,0.51805276,0.0005941039,0.0005941039,0.091745846,0.0005941039,0.0017629196,0.0005941039,0.0005941039,0.0005941039,PDLC,PDLC,0.0084,0.0382,0.9535
0.97151285,2.3667724,1.12973,0.70429677,0.17812638,0.4270937,0.12310552,0.0005086387,0.01500349,0.0005086387,0.02211725,0.0005086387,0.0005086387,0.005312667,PDLC,PDLC,0.0073,0.0072,0.9855
0.1629658,0.9018116,0.9129314,0.30928153,0.005442786,0.7082447,0.0005442786,0.0005442786,0.015328313,0.0005442786,0.0005442786,0.0040274914,0.0005442786,0.008843211,PDLC,PDLC,0.005,0.0046,0.9904
0.08531583,0.25403082,0.0058549447,0.3316012,0.049996093,0.29626048,0.0046068556,0.0005854945,0.008049162,0.0005854945,0.0005854945,0.0005854945,0.0005854945,0.0027179627,PDLC,PDLC,0.005,0.0042,0.9908
3.3016157,0.5051786,0.005749387,0.31733516,0.10868557,0.15071188,0.018909482,0.0005749387,0.049112517,0.0005749387,0.059842974,0.0055726217,0.04144683,0.0005749387,CT,CT,0.9912,0.0039,0.0049
1.4001844,0.359843,0.00609433,0.18626621,0.15001942,0.113691434,0.0116044115,0.0024235635,0.022125114,0.0011575762,0.016762538,0.00603399,0.015132648,0.000609433,CT,CT,0.943,0.0233,0.0337
2.1480436,0.22925228,0.005534509,0.21043321,0.16578974,0.14603713,0.016112488,0.0005534509,0.04949309,0.0005534509,0.034551203,0.0058834804,0.010760314,0.0032726857,CT,CT,0.9873,0.0055,0.0073
2.4884887,0.25072417,0.0057456875,0.24222946,0.10703658,0.12586235,0.00931303,0.00057456875,0.046626866,0.00057456875,0.033180986,0.004670804,0.01928757,0.0016511509,CT,CT,0.9887,0.005,0.0063
2.8314717,0.3651101,0.0057747555,0.38617405,0.16924562,0.12483317,0.014176532,0.002561455,0.04162153,0.0005774756,0.104660034,0.00559721,0.11488118,0.0017871584,CT,CT,0.9899,0.0051,0.005
2.7895505,0.45186037,0.0058984705,0.26160932,0.09251458,0.14928816,0.018657234,0.00058984704,0.058495015,0.0011203741,0.03345743,0.003688465,0.00058984704,0.0030315432,CT,CT,0.981,0.0046,0.0144
2.1313581,0.4352746,0.005831552,0.16166607,0.12328887,0.16486618,0.0024777625,0.0005831552,0.040941197,0.00081228645,0.014575552,0.0063208067,0.014947253,0.0005831552,CT,CT,0.9897,0.0046,0.0056
0.13360843,2.7086425,1.1131356,0.5878874,0.08409185,0.0065702563,0.0006570256,0.0006570256,0.0006570256,0.0047423053,0.0065987506,0.0006570256,0.1138181,0.0006570256,CT,PDLC,0.057,0.1961,0.7469
1.6625463,0.19065002,0.005799089,0.18027125,0.16529144,0.09970739,0.019437982,0.004257514,0.025852162,0.002423294,0.026341444,0.005741672,0.03264178,0.0005799089,CT,CT,0.9673,0.0206,0.0121
1.160348,0.27274185,0.006227994,0.16328853,0.14132859,0.11822121,0.010486819,0.002857752,0.02360789,0.0008675075,0.013434043,0.0066856006,0.017550671,0.0006227994,CT,CT,0.6241,0.1798,0.1961
1.234271,0.52946854,0.0063911,0.08745421,0.06824935,0.0063911,0.0040229755,0.002737088,0.04231048,0.00063911005,0.010065873,0.0057949526,0.00063911005,0.00063911005,CT,CT,0.9543,0.0196,0.0262
0.80678916,0.3446216,0.0067042285,0.11106719,0.036849435,0.07426794,0.0037980713,0.002255935,0.061295703,0.00067042286,0.026780188,0.006567978,0.057263963,0.0022600605,CT,CT,0.5435,0.2709,0.1856
0.8875228,0.42145804,0.80782765,0.24236363,0.062226485,0.1833165,0.0005474856,0.001842258,0.09192719,0.0005474856,0.0044363705,0.0039941627,0.0005474856,0.0022087013,CT,PCM,0.0815,0.5416,0.3769
2.1736722,0.33916375,0.0058054402,0.19478007,0.03943077,0.08228728,0.0028321005,0.003196633,0.06609595,0.0011762172,0.016100457,0.00058054406,0.049037434,0.00058054406,CT,CT,0.9851,0.0075,0.0073
2.1186051,0.33642384,0.0058081574,0.29509765,0.080152616,0.110922,0.0005808157,0.0037311504,0.081553906,0.0023535353,0.020814441,0.0005808157,0.070207104,0.0005808157,CT,CT,0.9828,0.0114,0.0058
1.4352169,0.30699953,0.0056598075,0.1203686,0.18020901,0.17231086,0.0077487687,0.005367208,0.035127338,0.0072386134,0.012208441,0.007314394,0.02027689,0.00056598074,CT,CT,0.956,0.0319,0.0121
2.588923,0.42932138,0.0055634775,0.20560703,0.15169546,0.2180623,0.0029767135,0.0018720786,0.02948,0.0005563477,0.017080294,0.0053344443,0.011262264,0.0018140103,CT,CT,0.9855,0.0057,0.0089
3.2720912,0.65356433,1.1311756,0.25805044,0.18521702,0.17423803,0.0005524195,0.0027882906,0.051981498,0.0005524195,0.031586643,0.0077724475,0.03515726,0.0022591348,CT,CT,0.9748,0.0168,0.0085
1.984968,0.54802126,0.006370399,0.30769348,0.061525587,0.15731196,0.005413426,0.0044820798,0.031374995,0.00063703995,0.03489833,0.009295007,0.059051324,0.00063703995,CT,CT,0.9887,0.0044,0.0069
7.920671,0.19140173,0.004984841,0.15193939,0.15000905,0.46554327,0.003608452,0.0016773709,0.032002732,0.03257117,0.15133163,0.006857728,0.023085698,0.0020385645,CT,CT,0.9741,0.0083,0.0176
1.6015729,0.59604865,0.00477375,0.3050724,0.23024426,0.5343339,0.007512274,0.00047737497,0.08353202,0.0025993243,0.018905401,0.007263861,0.020613367,0.0033768443,CT,CT,0.9056,0.0429,0.0515
4.935329,0.4366474,0.00492746,0.19157256,0.25216696,0.2977552,0.048463516,0.0032407586,0.0366327,0.000492746,0.110111475,0.00944922,0.03552163,0.000492746,CT,CT,0.9881,0.0058,0.006
3.4015791,0.24701706,0.0052446136,0.3548855,0.22598107,0.338001,0.020055411,0.0024065222,0.06475091,0.0005244614,0.018375902,0.010440034,0.040290304,0.006434398,CT,CT,0.9874,0.0062,0.0064
2.5966783,0.29700312,0.0048655695,0.0744061,0.2038225,0.23178737,0.0074270647,0.0026046946,0.058252797,0.002402872,0.008607205,0.01151104,0.00048655696,0.00048655696,CT,CT,0.9546,0.0345,0.0109
16.886019,0.14748913,0.005106373,0.52624434,0.14955653,0.3811415,0.10856246,0.014761465,0.048526973,0.003815021,0.059152804,0.020489356,0.048970316,0.010469547,CT,CT,0.9855,0.0074,0.0071
3.0493643,0.30120674,0.0050295247,0.20531246,0.14187561,0.40839013,0.017412512,0.0005029525,0.057060625,0.0005029525,0.021984799,0.018556038,0.02995814,0.0037245445,CT,CT,0.9826,0.0047,0.0127
5.7905188,0.28065673,0.005086407,0.26172146,0.16954026,0.4532142,0.037940342,0.0040454753,0.07732599,0.002833976,0.023684708,0.009170907,0.032074776,0.0051440317,CT,CT,0.9864,0.0064,0.0072
2.9061022,0.15812337,0.0048557813,0.117166884,0.17872462,0.45928016,0.0138308685,0.00048557812,0.047506575,0.0009838105,0.055474058,0.008046579,0.022205131,0.00397157,CT,CT,0.9731,0.0078,0.0191
3.6578863,0.2788155,0.0050416384,0.13155214,0.15914088,0.38687855,0.0071404567,0.0018507085,0.04158635,0.00050416385,0.056849334,0.009457998,0.027937718,0.0033155843,CT,CT,0.9863,0.0052,0.0086
8.207693,0.32556927,0.005205861,0.33301327,0.17413503,0.24659657,0.055953216,0.015765684,0.036687415,0.0005205861,0.06482075,0.013184202,0.027255617,0.0005205861,CT,CT,0.9881,0.0057,0.0062
9.65958,0.30170208,0.0055685486,0.82003677,0.17205638,0.32760578,0.0838621,0.010135475,0.030027144,0.0005568549,0.06851056,0.012651836,0.074569,0.0005568549,CT,CT,0.99,0.0042,0.0058
2.7922902,0.12820964,0.0064935246,1.0031883,0.0064935246,0.0064935246,0.033619262,0.00064935244,0.00064935244,0.00064935244,0.003112623,0.00064935244,0.00064935244,0.00064935244,CT,CT,0.8167,0.0166,0.1667
1.389148,2.9840407,3.0382686,0.5693071,0.006585554,0.006585554,0.074098624,0.0006585554,0.022765791,0.0006585554,0.017963335,0.004118116,0.0006585554,0.0006585554,CT,CT,0.6053,0.0693,0.3254
8.873347,0.471671,0.006609166,0.550085,0.006609166,0.18850283,0.01331277,0.0006609166,0.15719727,0.0006609166,0.11012763,0.0006609166,0.036142748,0.0006609166,CT,CT,0.9903,0.0041,0.0056
6.165805,0.7477542,0.8740568,0.3065008,0.006332013,0.42683485,0.038163863,0.00063320127,0.17528355,0.00063320127,0.030424302,0.0042895344,0.085023165,0.00063320127,CT,CT,0.989,0.005,0.006
9.3859625,2.6778786,1.3454473,1.1805671,0.24568412,0.5160593,0.13305788,0.00064347766,0.00064347766,0.00064347766,0.08232578,0.0043591503,0.33033696,0.00064347766,CT,CT,0.9802,0.0056,0.0142
5.805068,0.9482136,1.3211931,0.39624882,0.11470714,0.20972255,0.031819243,0.00063584454,0.12042703,0.008856783,0.057183918,0.012193371,0.08982293,0.00063584454,CT,CT,0.9875,0.0076,0.0049
7.7338285,0.98003626,1.5579239,0.4890257,0.18741526,0.00586084,0.008761838,0.000586084,0.03058632,0.000586084,0.13009967,0.007879607,0.1914066,0.0036275992,CT,CT,0.9911,0.0041,0.0049
5.856203,1.3020822,0.0060746153,0.90445995,0.0060746153,0.0872709,0.27263403,0.01142823,0.09056546,0.00060746155,0.029534195,0.005064817,0.09076757,0.00060746155,CT,CT,0.9912,0.004,0.0048
25.947084,1.8488115,1.4835637,1.2422328,0.29223105,0.006098662,0.11343937,0.012686113,0.03736267,0.0006098662,0.1889736,0.006483205,0.38671193,0.0006098662,CT,CT,0.9915,0.004,0.0046
6.546954,1.3549583,1.3748058,0.30359128,0.12533821,0.006502015,0.14570342,0.0006502015,0.012410082,0.0006502015,0.03903287,0.0050145816,0.15297467,0.0006502015,CT,CT,0.9881,0.0045,0.0074
7.81369,1.1879522,2.0466306,0.7658384,0.21306896,0.006205923,0.026172966,0.00062059227,0.11679281,0.00062059227,0.060061887,0.0055623697,0.09968882,0.00062059227,CT,CT,0.9917,0.0038,0.0045
4.8785653,0.87952375,2.9096744,0.79030776,0.1637901,0.006077054,0.010137031,0.0037179897,0.06383494,0.005001944,0.0826041,0.0077902833,0.37671274,0.00060770544,CT,CT,0.9898,0.0056,0.0047
25.442005,6.0884986,1.0742248,6.122224,2.3240821,0.0060370914,0.009500348,0.012742713,0.08557421,0.00060370914,0.22695935,0.0078648925,0.6334264,0.00060370914,CT,CT,0.9905,0.0048,0.0047
24.474752,1.1134641,0.74424654,0.5681712,0.19194531,0.0054809856,0.032775857,0.007544948,0.05018494,0.0005480985,1.6097033,0.017422622,0.25171903,0.0005480985,CT,CT,0.9918,0.0037,0.0046
10.937812,1.3487933,1.0138732,1.1091624,0.28537622,0.17118098,0.05044065,0.007657161,0.24948846,0.050220862,0.06552084,0.007860225,0.28429523,0.00492248,CT,CT,0.9894,0.0057,0.0049
6.6747885,0.6860088,1.4105146,0.7641661,0.20139858,0.005399814,0.0005399814,0.0005399814,0.041009236,0.0005399814,0.050041646,0.007090949,0.30646,0.0049835253,CT,CT,0.9871,0.006,0.0069
4.4529343,0.63892436,0.7916226,0.7538517,0.12998576,0.005113309,0.10122655,0.0005113309,0.108446755,0.0005113309,0.16923757,0.00842004,0.24239162,0.0005113309,CT,CT,0.9918,0.0036,0.0046
6.3099117,0.78190005,1.6934744,0.9038904,0.09640159,0.0063366317,0.0757851,0.007947443,0.08280028,0.00063366315,0.052431613,0.0049530733,0.23859844,0.00063366315,CT,CT,0.9918,0.0037,0.0046
6.91436,2.1810317,2.7224538,1.3070481,0.20148285,0.0063279527,0.10207018,0.0032907678,0.020861754,0.0006327953,0.107897304,0.0063312505,0.2894648,0.0046161357,CT,CT,0.9904,0.0041,0.0054
7.7887535,1.3724157,3.455012,1.7350234,0.18530592,0.006361088,0.053854927,0.005156587,0.044913583,0.0006361088,0.09539454,0.00928142,0.22131564,0.0006361088,CT,CT,0.9913,0.0042,0.0046
8.219715,0.62626225,0.0070597637,0.387891,0.0070597637,0.0988443,0.030662745,0.0007059764,0.22840911,0.0007059764,0.06671404,0.0046353843,0.046215158,0.0007059764,CT,CT,0.9907,0.0044,0.0049
2.6955762,1.2778271,1.1918272,0.44579288,0.17212455,0.18062422,0.011836516,0.0061462317,0.11187613,0.0037184886,0.036160223,0.007892809,0.08676997,0.0005151803,CT,CT,0.9576,0.0368,0.0057
10.016663,4.112166,1.3312525,2.3235207,0.566946,0.0062853894,0.014243163,0.00062853895,0.18951303,0.00062853895,0.043973334,0.0064851856,0.27159032,0.014554176,CT,CT,0.9883,0.0045,0.0072
30.405943,1.7009693,1.4429961,0.704047,0.161142,0.0059657674,0.049005926,0.012135929,0.030735781,0.0005965767,0.042213827,0.00547147,0.22467741,0.0005965767,CT,CT,0.9913,0.004,0.0047
6.8514633,1.2498808,1.612616,0.75232786,0.14040378,0.18157135,0.00637847,0.0100146495,0.070163235,0.00062357885,0.040494904,0.0055891383,0.059892267,0.006099666,CT,CT,0.9894,0.0048,0.0058
3.7858522,1.936147,1.2369231,0.68275183,0.17430413,0.13546827,0.010875767,0.0037208819,0.10980742,0.003010502,0.04820901,0.0059351316,0.18173319,0.0038499054,CT,CT,0.9887,0.0062,0.0051
21.568977,0.91778195,0.006132574,0.9294885,0.006132574,0.11582021,0.31692588,0.016790008,0.10198856,0.0006132574,0.058302145,0.0031957133,0.17308567,0.0006132574,CT,CT,0.9912,0.004,0.0048
10.353416,1.4281309,2.2347949,0.7721468,0.2535341,0.005564642,0.018301863,0.023490995,0.0315658,0.0005564642,0.5816772,0.0052775657,0.20276318,0.0035980279,CT,CT,0.99,0.005,0.005
9.19622,1.6304038,2.6100943,0.82808465,0.2462891,0.0061683673,0.009415724,0.00061683677,0.0380367,0.00061683677,0.0536441,0.006557306,0.2288939,0.00061683677,CT,CT,0.9913,0.0041,0.0047
3.4947162,2.8467264,1.1599284,0.96578556,0.28204864,0.005323498,0.020189516,0.0005323498,0.08938577,0.0005323498,0.03214027,0.0072126603,0.22242942,0.0005323498,CT,CT,0.9886,0.0051,0.0063
11.895789,1.4167374,1.9143145,1.027934,0.20687185,0.0061520524,0.027494773,0.044790104,0.06733247,0.00061520527,0.3980368,0.007822308,0.08475703,0.00061520527,CT,CT,0.9881,0.0066,0.0054
9.688781,3.1653817,1.9007186,1.2167135,0.34719023,0.0059073362,0.00059073366,0.00059073366,0.07214454,0.0023189199,0.118726544,0.007511152,0.29827037,0.004472534,CT,CT,0.9798,0.0151,0.005
7.520499,3.5614543,1.3438758,2.395906,0.6780148,0.0058000726,0.080868416,0.00058000727,0.19686586,0.00058000727,0.11107648,0.011968883,0.2588134,0.00058000727,CT,CT,0.9909,0.0044,0.0047
5.4189205,1.2579373,3.0196097,0.722907,0.14263985,0.0058789314,0.0005878931,0.008182667,0.04692348,0.0005878931,0.10272363,0.0071074106,0.19546495,0.0033139044,CT,CT,0.987,0.008,0.005
6.305182,1.996147,1.3618996,0.9994782,0.22429757,0.0062132496,0.05230996,0.000621325,0.030683944,0.000621325,0.25407526,0.005763202,0.17110981,0.000621325,CT,CT,0.9919,0.0036,0.0045
41.92153,2.098236,0.005879169,1.7481399,0.48448727,0.005879169,0.14081287,0.011869842,0.079882994,0.0005879169,0.04723733,0.0005879169,0.22753792,0.0005879169,CT,CT,0.9908,0.0044,0.0047
6.607877,3.3983586,1.5890646,1.8118948,0.6105964,0.0062123034,0.06452208,0.00062123034,0.061441455,0.00062123034,0.05246638,0.006345031,0.22211032,0.00062123034,CT,CT,0.991,0.0043,0.0047
4.4022584,1.1427433,2.0190036,0.80113,0.13460004,0.0057235355,0.030713588,0.0145320725,0.10664499,0.00057235354,0.052061833,0.0056072157,0.06389121,0.00057235354,CT,CT,0.9896,0.0056,0.0048
23.05057,1.0810546,0.0060412423,0.9475766,0.0060412423,0.0060412423,0.29689988,0.023654912,0.094341494,0.0006041243,0.046884786,0.0047221803,0.10087067,0.0006041243,CT,CT,0.9904,0.0045,0.005
11.979035,1.2783794,0.00578882,0.6574054,0.13852167,0.00578882,0.0708731,0.000578882,0.15128413,0.000578882,0.44119766,0.010799361,0.0963609,0.000578882,CT,CT,0.9917,0.0036,0.0046
9.711171,1.1293645,1.0500567,0.862311,0.23951627,0.005669813,0.019361556,0.0005669813,0.040638126,0.0005669813,0.31862772,0.00667732,0.26646015,0.0057027135,CT,CT,0.9911,0.0036,0.0053
31.826086,0.8615555,0.8365201,0.85938436,0.20969605,0.006104192,0.10249541,0.0006104192,0.09336916,0.0006104192,3.306658,0.007443361,0.5365893,0.0006104192,CT,CT,0.9919,0.0036,0.0045
14.767335,0.78480136,0.0059792614,1.0070572,0.25024116,0.0059792614,0.17332011,0.00059792615,0.062568285,0.00059792615,1.9090372,0.010780742,0.24625866,0.00059792615,CT,CT,0.9919,0.0036,0.0045
25.047142,1.2546195,0.0054150647,0.7202816,0.20069182,0.0054150647,0.05342973,0.0005415065,0.17259517,0.0005415065,0.7683187,0.009311993,0.06624415,0.0005415065,CT,CT,0.9914,0.0037,0.0049
3.569581,1.0902927,0.8961599,0.4043765,0.18911517,0.0052047027,0.05176364,0.00052047026,0.1058002,0.00052047026,0.09088331,0.011391221,0.08451531,0.00052047026,CT,CT,0.9911,0.004,0.0049
6.3419175,1.3958538,1.1396433,1.0619118,0.1410058,0.0062353453,0.02090027,0.0006235345,0.0006235345,0.0006235345,0.08447106,0.006758477,0.23542026,0.0054445122,CT,CT,0.9868,0.0037,0.0095
7.8553424,1.2736474,1.5623676,0.9371902,0.25819063,0.006083602,0.06184507,0.0006083602,0.055783812,0.0006083602,0.07512505,0.0075450614,0.11393741,0.0046732286,CT,CT,0.9918,0.0036,0.0046
16.878426,1.0522796,0.005772773,1.0565789,0.33123583,0.005772773,0.17496555,0.010154006,0.12459056,0.0005772773,1.5002489,0.014920768,0.15965188,0.0005772773,CT,CT,0.9916,0.0039,0.0045
4.6101537,1.4774929,1.6314749,0.61862975,0.14807868,0.005349946,0.005388168,0.0005349946,0.053126715,0.0005349946,0.04335154,0.005966068,0.13666068,0.0005349946,CT,CT,0.9909,0.0041,0.005
11.511029,1.0561699,0.005786194,0.679591,0.2358003,0.005786194,0.08140335,0.00057861937,0.11986029,0.00057861937,0.22023462,0.010131116,0.028692916,0.00057861937,CT,CT,0.9866,0.0075,0.0059
18.934904,0.8388701,1.0199605,1.0863072,0.25030985,0.0061304253,0.2248768,0.0006130425,0.06889589,0.0006130425,2.1254985,0.006453079,0.262707,0.0006130425,CT,CT,0.9919,0.0036,0.0045
21.498766,1.1358948,0.005862329,1.1536787,0.31289843,0.005862329,0.13109195,0.0052902633,0.10946582,0.00058623287,1.2379001,0.009836737,0.14274833,0.00058623287,CT,CT,0.9919,0.0036,0.0045
19.554102,1.0202818,1.0808567,1.0585803,0.14984098,0.0060822302,0.024694165,0.000608223,0.02735794,0.000608223,0.2689176,0.00760675,0.25718716,0.000608223,CT,CT,0.9918,0.0036,0.0046
6.8817134,0.781806,1.4257976,0.55158526,0.14332692,0.005506305,0.050430704,0.0005506305,0.11648773,0.0005506305,0.52819556,0.0065421443,0.07088871,0.0005506305,CT,CT,0.9916,0.0038,0.0046
13.531603,0.87068677,0.005679393,0.7505764,0.22130257,0.005679393,0.05496533,0.0037353,0.124091275,0.0005679393,0.49858356,0.011009558,0.08213264,0.0005679393,CT,CT,0.9916,0.0037,0.0047
4.9161263,1.3872061,1.3000559,0.787152,0.19421007,0.005493309,0.06129034,0.003948998,0.14356129,0.0005493309,0.07667561,0.0064121997,0.09856195,0.0005493309,CT,CT,0.9918,0.0037,0.0045
7.054688,0.7340096,1.7095569,0.8275992,0.09470974,0.006356658,0.03701198,0.0037918272,0.11352084,0.0021733264,0.060795244,0.004703728,0.24097256,0.0048127226,CT,CT,0.9911,0.0039,0.0049
4.000017,1.1547235,0.0055519547,0.78140515,0.23050497,0.11692035,0.12397671,0.0036514846,0.059504814,0.0005551955,0.056900885,0.008853039,0.16405617,0.0005551955,CT,CT,0.9913,0.004,0.0046
16.41475,0.7629064,0.9252895,1.0057701,0.21067289,0.0060496605,0.058453586,0.004811599,0.057975713,0.0006049661,0.08250792,0.007124665,0.25083205,0.0006049661,CT,CT,0.9919,0.0036,0.0045
6.658852,1.915059,0.949469,1.1403835,0.25231603,0.00559577,0.114476144,0.0049641277,0.10643032,0.000559577,0.17307164,0.009564422,0.2688072,0.000559577,CT,CT,0.9919,0.0036,0.0045
18.379328,1.7106568,0.77570987,1.2227087,0.23301904,0.005649908,0.009246694,0.0068269,0.044416804,0.0005649908,0.100527346,0.0044162907,0.15111127,0.0005649908,CT,CT,0.9918,0.0037,0.0045
3.7238162,0.6528077,0.004954786,0.6962185,0.14764565,0.004954786,0.10650926,0.00049547857,0.10601054,0.00049547857,0.1563568,0.009346704,0.25104055,0.00049547857,CT,CT,0.9909,0.004,0.0051
33.56728,1.0443428,0.0057292315,1.3174348,0.36686334,0.0057292315,0.09439627,0.00057292316,0.050469726,0.00057292316,1.4537549,0.0072846925,0.40133405,0.00057292316,CT,CT,0.9917,0.0037,0.0046
6.374745,0.6566175,2.035156,0.6097861,0.13135794,0.006178796,0.010987379,0.003874742,0.02853452,0.0006178796,0.0919556,0.0042501357,0.14766482,0.0026975677,CT,CT,0.9915,0.0037,0.0048
39.037834,3.5667846,0.005985716,4.7703657,2.0559082,0.005985716,0.1376189,0.0005985716,0.033235334,0.0005985716,0.21184324,0.008234648,0.4520342,0.0005985716,CT,CT,0.9914,0.0039,0.0047
9.802253,7.678909,1.2577004,6.7653394,2.357925,0.005998972,0.0005998972,0.0005998972,0.046360277,0.0005998972,0.08140582,0.0071900133,0.29887837,0.0005998972,CT,CT,0.9874,0.0076,0.005
5.532192,0.40306664,0.0052572484,0.926968,0.28307942,0.0052572484,0.15280487,0.008041065,0.06427537,0.00052572484,0.15726145,0.006794151,0.33799058,0.00052572484,CT,CT,0.9911,0.0043,0.0046
3.555721,0.46638528,0.0052482667,0.87670296,0.093031,0.1259681,0.13800797,0.0005248267,0.08742208,0.0005248267,0.093680546,0.00820469,0.29613936,0.0005248267,CT,CT,0.991,0.004,0.005
4.7483068,0.71229935,0.9957706,0.86159796,0.20395611,0.0053833844,0.099626414,0.00053833844,0.044764537,0.00053833844,0.0551118,0.008079285,0.15942784,0.00053833844,CT,CT,0.9917,0.0036,0.0047
7.690091,0.637678,1.0080247,0.4121314,0.11906181,0.13553539,0.04762608,0.012847866,0.07625518,0.00061764225,0.1356247,0.004055389,0.09773076,0.00061764225,CT,CT,0.9907,0.0045,0.0047
7.9111357,2.471609,2.2588687,1.2924502,0.30882135,0.0057415976,0.015269726,0.0005741597,0.03448545,0.0005741597,0.22037198,0.0063429843,0.225182,0.0066633625,CT,CT,0.9905,0.0038,0.0057
7.2325315,0.8357223,1.6814369,1.0887178,0.15864165,0.12943944,0.020960854,0.00064037426,0.027180135,0.00064037426,0.104804456,0.0048053097,0.22629696,0.003857463,CT,CT,0.991,0.0038,0.0052
15.835329,1.0928528,0.842961,1.1960117,0.3050205,0.0061684614,0.09784737,0.00061684614,0.07294596,0.00061684614,3.3093002,0.0056573697,0.3007198,0.00061684614,CT,CT,0.9919,0.0036,0.0045
19.813524,0.8341295,0.0060722507,1.0966763,0.22361788,0.0060722507,0.16292429,0.005758329,0.09847287,0.00060722505,2.8561478,0.0057589873,0.43884867,0.00060722505,CT,CT,0.9919,0.0036,0.0045
12.64022,1.0099738,0.006199456,1.286853,0.31202945,0.006199456,0.4243797,0.0051203826,0.02954013,0.0006199456,2.5640502,0.009885531,0.31681192,0.0006199456,CT,CT,0.9909,0.0041,0.005
10.023533,0.8230366,0.9574436,0.6248774,0.13124575,0.23487645,0.059977435,0.00058545714,0.19496484,0.00058545714,0.35687363,0.012020329,0.08803386,0.00058545714,CT,CT,0.9909,0.0043,0.0048
7.9842806,0.59638894,0.88103515,1.044702,0.25625265,0.0063123903,0.28608698,0.00063123903,0.01162689,0.00063123903,2.9446054,0.006447256,0.48608115,0.00063123903,CT,CT,0.9913,0.0038,0.0049
15.033818,1.2540581,0.82468915,1.1120645,0.24236003,0.006124159,0.23438068,0.0006124159,0.06972461,0.0006124159,2.2884867,0.007212402,0.23095478,0.0006124159,CT,CT,0.9919,0.0036,0.0045
5.105099,1.1478817,1.2618307,0.6871975,0.19483438,0.0060667805,0.043725576,0.000606678,0.033442516,0.000606678,0.0560149,0.004868599,0.19879496,0.000606678,CT,CT,0.9918,0.0037,0.0045
18.095621,0.7866802,0.0061349957,1.054178,0.3178174,0.0061349957,0.19695011,0.0006134996,0.07484299,0.0006134996,3.925851,0.007928499,0.4441428,0.0006134996,CT,CT,0.9919,0.0036,0.0045
18.62774,0.9757044,0.0059087803,1.0759172,0.29461548,0.0059087803,0.123576134,0.000590878,0.064117864,0.000590878,3.2813895,0.00560395,0.5651054,0.000590878,CT,CT,0.9919,0.0036,0.0045
3.7538822,1.8110762,0.964665,0.7006605,0.005222441,0.005222441,0.06451415,0.00052224414,0.12909374,0.00052224414,0.108537614,0.008436461,0.069097616,0.00052224414,CT,CT,0.991,0.0037,0.0053
4.2818294,0.94994867,1.0878563,0.34776503,0.1212579,0.00512199,0.052069455,0.000512199,0.11498875,0.000512199,0.20237765,0.0070464066,0.05027629,0.000512199,CT,CT,0.9911,0.0039,0.0049
13.773682,1.5394386,0.92789435,0.95011747,0.14420524,0.005943449,0.093716934,0.0005943449,0.01840421,0.0005943449,0.065457985,0.0044599096,0.1671852,0.0005943449,CT,CT,0.9909,0.0037,0.0055
13.877757,1.162395,0.006040911,0.80037314,0.24665493,0.006040911,0.1436411,0.00060409115,0.05821438,0.00060409115,3.288167,0.006358854,0.5242084,0.00060409115,CT,CT,0.9919,0.0036,0.0045
10.808795,1.5862573,1.087802,1.0191177,0.29805145,0.006263753,0.1480527,0.0006263753,0.0006263753,0.0006263753,4.7380624,0.0006263753,0.55627126,0.0006263753,CT,CT,0.9905,0.0038,0.0057
6.1117473,0.6549329,1.3855127,0.3752041,0.12366405,0.0054923226,0.03293008,0.00054923224,0.1638416,0.00054923224,0.3447589,0.009788297,0.059870433,0.00054923224,CT,CT,0.9908,0.0045,0.0047
17.103682,1.2023633,0.005707398,1.0481906,0.21880862,0.005707398,0.11747831,0.008467691,0.14755653,0.0005707398,1.1915708,0.011242296,0.1910501,0.0005707398,CT,CT,0.9918,0.0037,0.0045
18.773516,1.3342768,0.005993683,1.2776973,0.32249784,0.005993683,0.16128784,0.0005993683,0.037039522,0.0005993683,3.328334,0.005122272,0.4395862,0.0005993683,CT,CT,0.9919,0.0036,0.0046
7.3821735,1.4083995,1.7254891,0.81674993,0.13130523,0.005736665,0.059943117,0.0005736665,0.040428165,0.0005736665,0.15667471,0.00556029,0.12402357,0.0005736665,CT,CT,0.9918,0.0037,0.0046
14.067974,2.041003,1.7599072,0.54961777,0.0060688704,0.3219083,0.23990498,0.067761935,0.06407299,0.00060688704,1.6441083,0.0065147853,0.32600346,0.00060688704,CT,CT,0.9817,0.0121,0.0062
13.587539,1.0528053,0.005380669,0.70637655,0.23754711,0.005380669,0.071633875,0.0005380669,0.07504871,0.0005380669,2.3247046,0.009981857,0.22544506,0.0005380669,CT,CT,0.9918,0.0036,0.0045
24.55594,0.8130562,0.005638456,0.9930053,0.21395186,0.005638456,0.12981243,0.00056384556,0.054938104,0.00056384556,1.7291179,0.005523865,0.087042354,0.00056384556,CT,CT,0.9913,0.0037,0.005
4.7521253,0.8301315,1.0510706,0.8290947,0.18698935,0.005656539,0.13120791,0.0005656539,0.10011172,0.0005656539,0.049322024,0.010375725,0.11034638,0.0005656539,CT,CT,0.9918,0.0036,0.0046
5.289935,1.3408258,1.5354819,0.5876089,0.0056673535,0.0056673535,0.10523836,0.00056673534,0.10885082,0.00056673534,0.20943724,0.0101593,0.24352328,0.008080559,CT,CT,0.9904,0.0038,0.0058
4.8628983,1.0918393,1.2243004,0.8321631,0.20065168,0.1778778,0.09301608,0.0005755404,0.21209618,0.0028423187,0.061547745,0.010197172,0.091697544,0.005534348,CT,CT,0.9868,0.0079,0.0054
7.5264287,3.1884835,0.0063276254,1.7619846,0.16681717,0.0063276254,0.29404646,0.009194316,0.12634642,0.0006327625,0.07329993,0.005407663,0.22687851,0.0006327625,CT,CT,0.9915,0.0038,0.0047
5.8399954,0.6113704,1.5608389,1.2677004,0.006503163,0.1146896,0.24571326,0.00944938,0.0689185,0.0006503163,0.059524503,0.009285392,0.19940887,0.0006503163,CT,CT,0.9912,0.004,0.0047
6.468211,0.5797165,1.7122993,0.61418086,0.15591684,0.15755184,0.00060817116,0.00060817116,0.05292539,0.00060817116,0.19379295,0.0056411917,0.19414712,0.0031593307,CT,CT,0.9878,0.0071,0.005
7.5552363,2.209365,0.6706314,0.641722,0.005110183,0.28923893,0.105426766,0.00051101827,0.1851812,0.00051101827,1.7337995,0.011024573,0.2299638,0.00051101827,CT,CT,0.9891,0.0045,0.0064
12.484231,1.0623381,0.0062561645,0.93619627,0.3158662,0.0062561645,0.3278417,0.00062561646,0.040248144,0.00062561646,4.106777,0.00612902,0.717229,0.00062561646,CT,CT,0.9917,0.0038,0.0046
2.3795953,1.2458787,0.65544885,0.39026362,0.0045607295,0.459792,0.03279913,0.00045607297,0.034028027,0.00045607297,0.002602562,0.002804409,0.00045607297,0.00045607297,CT,PDLC,0.2942,0.0074,0.6984
3.8970375,2.1307807,1.2886707,1.0239105,0.11592164,0.35640338,0.024769071,0.0005744436,0.0930034,0.0005744436,0.014423372,0.0005744436,0.015351402,0.0005744436,CT,CT,0.9524,0.0086,0.039
3.895845,0.5965247,0.006476323,0.40440658,0.006476323,0.13676058,0.045760065,0.0006476323,0.09396123,0.009841065,0.059574485,0.004184805,0.03206801,0.0006476323,CT,CT,0.9877,0.0051,0.0072
6.139855,0.39452076,0.00669933,0.68942904,0.00669933,0.19622818,0.01507576,0.00066993304,0.21728428,0.00066993304,0.05803232,0.00066993304,0.029415978,0.00066993304,CT,CT,0.9893,0.0051,0.0056
4.089264,1.1060537,0.0056681717,0.50504005,0.0056681717,0.19611204,0.027562162,0.012224109,0.1440458,0.024618948,0.020442164,0.0005668172,0.020884695,0.0005668172,CT,CT,0.9805,0.008,0.0116
4.930954,0.604023,0.006756796,0.40215832,0.006756796,0.1001902,0.0006756796,0.0006756796,0.11642807,0.014117477,0.07534113,0.0006756796,0.0006756796,0.0006756796,CT,CT,0.9823,0.0076,0.0101
26.078924,0.7306639,0.005811234,1.1023462,0.44398186,0.005811234,0.011522606,0.0005811234,0.021252478,0.0005811234,5.125453,0.0005811234,0.18881327,0.0005811234,CT,CT,0.9907,0.0043,0.005
5.597132,0.687253,1.2853202,0.3425347,0.11143817,0.24450918,0.012303625,0.0005665552,0.029264683,0.0005665552,0.04235262,0.0005665552,0.025825644,0.0005665552,CT,CT,0.9711,0.0053,0.0236
3.3065922,0.4969025,0.9960562,0.5611651,0.006329239,0.006329239,0.03635433,0.004549927,0.00063292385,0.00063292385,0.021742763,0.00063292385,0.07272656,0.00063292385,CT,CT,0.9825,0.0046,0.0129
15.4045315,0.26475552,0.7725662,0.6199182,0.19837953,0.18903613,0.14312045,0.015872216,0.008452506,0.015094831,0.5649035,0.006489164,0.32438427,0.0005321669,CT,CT,0.9844,0.0081,0.0075
21.986479,0.83171463,1.8861893,0.9787911,0.24379906,0.233081,0.29283994,0.03683917,0.01831378,0.00058888627,0.7835239,0.008346903,0.257887,0.00058888627,CT,CT,0.986,0.0071,0.0069
22.37714,0.33945674,0.98517936,0.517829,0.0053849495,0.322604,0.19346362,0.012025124,0.00053849496,0.00053849496,0.5736489,0.0037602044,0.17676656,0.00053849496,CT,CT,0.9859,0.0047,0.0095
10.365994,0.5406065,1.9652729,0.4272486,0.107500695,0.18076068,0.0098727,0.0044839988,0.027077409,0.00058632763,0.15999879,0.01130491,0.059644632,0.005443661,CT,CT,0.9876,0.0045,0.0079
3.375686,0.8427251,0.005457032,0.14774926,0.005457032,0.11964414,7.4280424,0.0079293065,0.021268165,0.0053899344,0.20403147,0.005687371,0.0741883,0.0005457032,CT,CT,0.9338,0.0416,0.0245
3.3807707,18.849106,0.007056639,0.04923888,0.007056639,0.06907895,8.34024,0.67738557,0.00070566393,0.0029487924,0.00070566393,0.00070566393,0.00070566393,0.00070566393,CT,PDLC,0.2045,0.0088,0.7868
3.6504734,0.47765133,1.0986196,0.6527683,0.23526198,0.26171976,0.110236876,0.010963631,0.1506127,0.00054303196,0.08354338,0.016695615,0.07240163,0.00054303196,CT,CT,0.9874,0.0072,0.0053
20.428076,0.6459714,2.2960086,0.8596454,0.13543195,0.006159977,0.16295159,0.031468835,0.0006159977,0.0006159977,0.81376094,0.00475079,0.39495084,0.0006159977,CT,CT,0.9875,0.0057,0.0068
11.811439,0.90693694,0.006183836,1.2089401,0.3300587,0.3112374,0.13604322,0.008985384,0.233167,0.008613567,0.35450137,0.0111495955,0.0919943,0.00061838364,CT,CT,0.9848,0.0102,0.005
