Al,Si,P,S,Cl,K,Ca,Ti,V,Cr,Fe,Co,Cu,Zn,As,Se,Rb,Sr,Zr,Mo,Ba,Ta,Site,prediction_label,prediction_score_CT,prediction_score_PCM,prediction_score_PDLC
32.17687,26.081202,34.118664,1.1724743,1.1569617,1.4440486,0.50159717,0.4290687,0.0051811887,0.12864287,2.1586661,0.0051811887,0.003750585,0.00051811885,0.020469714,0.00051811885,0.00051811885,0.0074506938,0.016925307,0.00051811885,0.015015751,0.00051811885,PDLC,PDLC,0.0068,0.0225,0.9707
16.967108,58.74838,16.36197,0.4714742,1.3493576,0.005981584,0.15880047,0.24455178,0.11084401,0.33395913,4.5210257,0.005981584,0.0005981584,0.0005981584,0.0005981584,0.0005981584,0.0005981584,0.029354954,0.01822854,0.0005981584,0.020166557,0.003867617,PDLC,PDLC,0.007,0.0052,0.9878
31.785463,29.897738,30.29831,0.98691756,1.8753995,0.83343667,0.6681192,0.27398813,0.40712452,0.62465405,1.758875,0.0053097126,0.0005309713,0.0005309713,0.0005309713,0.0005309713,0.0005309713,0.008847501,0.0068682153,0.003375638,0.0005309713,0.0053992104,PDLC,PDLC,0.005,0.0186,0.9764
39.833237,32.436985,22.058243,0.32674393,0.59948856,0.005574992,0.13590416,0.32145274,0.05450014,0.29131573,3.273617,0.005574992,0.017107662,0.00055749924,0.009896612,0.00055749924,0.00055749924,0.006871709,0.006478001,0.00055749924,0.014776794,0.0052992464,PDLC,PDLC,0.0046,0.003,0.9924
17.855267,58.712933,19.111609,0.26378503,0.7288963,0.0058566127,0.058013752,0.40743142,0.061851863,0.21862614,1.9204278,0.0058566127,0.00058566127,0.00058566127,0.0032831174,0.00058566127,0.00058566127,0.0048793964,0.017462494,0.00058566127,0.00058566127,0.0016506617,PDLC,PDLC,0.0048,0.0051,0.99
38.20787,17.721268,37.159813,0.47284898,1.6715856,0.005075172,0.005075172,0.31839767,0.005075172,0.49603862,3.3541846,0.005075172,0.0005075172,0.0005075172,0.030482734,0.0005075172,0.0005075172,0.0005075172,0.0073993453,0.0005075172,0.0005075172,0.0038705373,PDLC,PDLC,0.0044,0.0032,0.9924
43.82948,13.649417,32.084663,0.26840332,0.9768094,0.0051962626,0.11941109,0.062419847,0.0051962626,0.0510672,2.2795815,0.0073183067,6.0399823,0.032029577,0.0042306934,0.0025003857,0.00051962625,0.00051962625,0.004784772,0.00051962625,0.018389162,0.00051962625,PDLC,PDLC,0.0065,0.0086,0.9849
36.797783,12.965381,41.568024,0.26296046,0.8470444,0.005033142,0.3457318,0.48210573,0.06530774,0.452824,5.622212,0.005033142,0.0005033142,0.0005033142,0.009404979,0.0043976493,0.0005033142,0.007180355,0.012414023,0.0005033142,0.0005033142,0.005507389,PDLC,PDLC,0.0044,0.0029,0.9927
46.13091,4.1198516,43.794296,0.32545298,2.5290291,0.004729838,0.05794577,0.3401112,0.004729838,0.43745273,1.7433788,0.004729838,0.0004729838,0.0004729838,0.0004729838,0.0004729838,0.0004729838,0.0004729838,0.0044071325,0.0004729838,0.0004729838,0.003032115,PDLC,PDLC,0.0045,0.0035,0.992
23.268122,27.191023,22.06031,7.9559507,1.1861123,3.9202995,0.21922459,1.0703655,0.14195113,0.22486655,12.05041,0.00565385,0.000565385,0.000565385,0.0076217777,0.006729836,0.000565385,0.0047749933,0.016300125,0.0057157213,0.049568452,0.002780838,PDLC,PDLC,0.0092,0.2828,0.708
10.076868,46.039585,14.790862,0.82467973,3.8536627,0.006428211,0.16728939,0.736598,0.006428211,0.16022313,22.357328,0.006428211,0.065449476,0.0006428211,0.0006428211,0.0453396,0.0006428211,0.07593242,0.028679755,0.006029588,0.0006428211,0.0006428211,PDLC,PDLC,0.0212,0.0152,0.9637
34.82785,10.374231,44.03924,0.24122903,0.66187304,0.005038308,0.005038308,0.3721866,0.05073715,0.3654992,8.489294,0.005038308,0.0005038308,0.0005038308,0.016004875,0.0026157782,0.0005038308,0.0005038308,0.0039213346,0.0005038308,0.0005038308,0.0018655243,PDLC,PDLC,0.0045,0.0036,0.9918
39.752007,9.253845,45.496536,0.76205844,0.75692666,0.0047933282,0.14304158,0.45232546,0.12627393,0.40248618,2.2604904,0.0047933282,0.0029418028,0.0004793328,0.027510358,0.0004793328,0.0004793328,0.013074703,0.015763378,0.002597739,0.0004793328,0.004105918,PDLC,PDLC,0.0049,0.0034,0.9917
11.808754,69.840675,13.745807,0.40447253,0.76737916,0.006070875,0.10739683,0.2592364,0.03944603,0.14956518,2.192668,0.006070875,0.0006070875,0.0006070875,0.0030791122,0.0006070875,0.0006070875,0.0011085825,0.004126044,0.0006070875,0.013217735,0.002583351,PDLC,PDLC,0.0059,0.0064,0.9878
6.1387353,6.1387353,6.1387353,6.1387353,6.1387353,0.61387354,0.61387354,0.61387354,0.61387354,0.61387354,0.61387354,0.61387354,0.061387353,0.061387353,0.061387353,0.061387353,0.061387353,0.061387353,0.061387353,0.061387353,0.061387353,0.061387353,PDLC,PCM,0.1516,0.7615,0.0869
35.11662,17.520035,37.219646,2.369,2.7557948,0.71108085,0.6490232,0.27785325,0.118548706,0.63031304,2.049223,0.004986877,0.009417198,0.00049868773,0.018637057,0.00049868773,0.00049868773,0.0043824418,0.0061772903,0.0033263173,0.00049868773,0.009948951,PDLC,PDLC,0.0046,0.0033,0.9921
16.128075,62.604668,17.949339,0.22696383,0.57904875,0.0058918707,0.3098973,0.19337182,0.035160158,0.053824116,1.1570624,0.0058918707,0.10059925,0.0005891871,0.0005891871,0.0005891871,0.0005891871,0.015331506,0.004585666,0.0005891871,0.0005891871,0.0005891871,PDLC,PDLC,0.007,0.0179,0.9751
25.003761,46.282864,25.627296,0.307751,0.9070814,0.0055336496,0.13627706,0.1506329,0.0055336496,0.18805213,0.78934646,0.0055336496,0.0005533649,0.0005533649,0.0035452228,0.0005533649,0.0005533649,0.002020963,0.0040642214,0.0005533649,0.0005533649,0.0005533649,PDLC,PDLC,0.0047,0.0088,0.9865
18.603102,56.502254,21.21243,0.1235202,0.5224484,0.005789558,0.005789558,0.24045044,0.061257347,0.19541262,1.8921161,0.005789558,0.0005789558,0.0005789558,0.0025500576,0.00073312456,0.0005789558,0.0056825154,0.008440885,0.0005789558,0.0005789558,0.0020157069,PDLC,PDLC,0.0048,0.0101,0.9852
37.90247,26.937544,30.552439,0.45280772,1.564996,0.0052408,0.077020586,0.29780382,0.0052408,0.28423446,1.3471516,0.0052408,0.00052408,0.0020841358,0.00052408,0.00052408,0.00052408,0.0023327002,0.005285381,0.002949486,0.00052408,0.0027804188,PDLC,PDLC,0.0047,0.0036,0.9917
32.332912,10.558163,44.454796,0.21367078,1.017863,0.0050742854,0.059633423,0.15826996,0.06594121,0.30731064,10.233801,0.0050742854,0.0031142342,0.00050742854,0.00866913,0.005461679,0.00050742854,0.016736686,0.008176795,0.0038076972,0.00050742854,0.00050742854,PDLC,PDLC,0.0074,0.027,0.9656
27.060225,37.185646,26.65727,0.5541542,1.3452237,0.0055658473,0.6327162,0.74673307,0.05878108,0.27135593,4.7573566,0.0055658473,0.06945704,0.00055658474,0.00055658474,0.00055658474,0.00055658474,0.02725118,0.008541816,0.0033064438,0.00055658474,0.0050752405,PDLC,PDLC,0.0078,0.0033,0.9889
38.040768,12.056228,38.803345,0.7181953,6.7865148,0.766181,0.108776435,0.077445015,0.2737185,0.42897907,1.3823224,0.0048331954,0.0004833195,0.0004833195,0.0004833195,0.0004833195,0.0004833195,0.0004833195,0.0004833195,0.01798281,0.0004833195,0.009882743,PDLC,PDLC,0.0056,0.2487,0.7458
30.15236,23.440678,39.74287,0.17223805,0.98358834,0.0051224045,0.0051224045,0.2072847,0.11573726,0.39347032,4.2104707,0.0051224045,0.00051224045,0.00051224045,0.0038287104,0.0021405243,0.00051224045,0.0033323106,0.013588768,0.00051224045,0.00051224045,0.003142232,PDLC,PDLC,0.0044,0.0052,0.9904
35.21228,22.07271,37.888527,0.39999935,0.82601357,0.0050828294,0.07596724,0.31824097,0.13779175,0.51086366,1.9760643,0.0050828294,0.000508283,0.000508283,0.009158618,0.0013516281,0.000508283,0.0016822878,0.00858059,0.002966529,0.000508283,0.002556162,PDLC,PDLC,0.0045,0.0056,0.9898
31.682724,9.858899,50.502243,0.74170977,3.0287333,0.004642565,0.6581928,0.3326717,0.092501335,0.39268404,2.1652832,0.004642565,0.00046425645,0.00046425645,0.014066124,0.00046425645,0.00046425645,0.00046425645,0.0139443865,0.004306287,0.00046425645,0.0036175828,PDLC,PDLC,0.0044,0.0038,0.9918
28.006258,19.51423,40.602524,1.5604904,4.5017653,0.91444105,1.034863,0.30000255,0.0049246303,0.8641497,2.1087418,0.0049246303,0.00049246306,0.00049246306,0.014000511,0.00049246306,0.00049246306,0.01377008,0.010634835,0.0065695955,0.00049246306,0.007184871,PDLC,PDLC,0.0055,0.0051,0.9894
31.388544,34.545082,24.33627,1.6782601,0.68996745,1.1267726,0.94422525,0.5232678,0.09711697,0.33781925,3.6003273,0.0055463375,0.00055463373,0.00055463373,0.026131937,0.00055463373,0.00055463373,0.072541684,0.012403017,0.00055463373,0.021162752,0.0044137747,PDLC,PDLC,0.0071,0.0053,0.9876
42.781338,4.8049726,44.656975,0.047787692,2.725314,0.004778769,0.06295699,0.33005223,0.004778769,0.38977537,3.6489618,0.004778769,0.00047787692,0.00047787692,0.018497145,0.004659498,0.00047787692,0.00047787692,0.0070195897,0.00047787692,0.00047787692,0.0031955296,PDLC,PDLC,0.0046,0.0045,0.9909
20.365051,43.666615,23.563595,0.7010398,0.76277727,0.005837749,0.18994024,0.5596639,0.063256994,0.33760506,8.997002,0.005837749,0.013045045,0.00058377493,0.01924567,0.0028090626,0.00058377493,0.07322171,0.019965993,0.006205841,0.017556181,0.005387699,PDLC,PDLC,0.0094,0.0077,0.9829
32.840763,19.487427,41.59618,0.25073272,1.0783275,0.0050146542,0.0452943,0.45068717,0.087905586,0.42058828,3.1618948,0.0050146542,0.00050146546,0.00050146546,0.0037481734,0.0010159991,0.00050146546,0.00050146546,0.024736851,0.0036584244,0.00050146546,0.0028821446,PDLC,PDLC,0.0044,0.0038,0.9918
30.51112,5.0532,52.756496,0.7705888,3.0786285,0.00465782,0.7506577,0.22176388,0.18689066,0.54429024,5.442172,0.00465782,0.000465782,0.000465782,0.12197542,0.000465782,0.000465782,0.043378007,0.0034209632,0.0079612555,0.000465782,0.0072074584,PDLC,PDLC,0.0296,0.4402,0.5303
37.43533,18.607656,40.04204,0.258286,0.9109181,0.004973363,0.25091422,0.119068965,0.099873394,0.1973238,1.4090527,0.004973363,0.035218794,0.0004973363,0.012745065,0.0004973363,0.0004973363,0.04989256,0.01466538,0.0031618045,0.020207796,0.0004973363,PDLC,PDLC,0.0093,0.0294,0.9612
28.973732,14.889716,45.159092,0.59055465,2.1212058,0.004962826,0.4242388,0.7471144,0.11924344,1.426636,4.921325,0.004962826,0.00049628265,0.00049628265,0.027025882,0.00049628265,0.00049628265,0.00049628265,0.023121122,0.0070343344,0.00049628265,0.008227952,PDLC,PDLC,0.0045,0.0052,0.9903
36.15735,20.803314,29.772028,2.4668577,1.025247,1.2894275,0.24337797,0.120676905,0.12095902,0.36087516,6.982623,0.0053535136,0.011036262,0.0005353514,0.046659786,0.0005353514,0.0011274775,0.0089815855,0.0031690097,0.0046867654,0.0005353514,0.007307642,PDLC,PDLC,0.008,0.0564,0.9356
28.01145,21.429068,37.710075,1.1968076,3.339692,1.149838,0.7971102,0.8475282,0.108217046,0.81268215,3.9882896,0.005113908,0.0005113908,0.0005113908,0.031602725,0.0005113908,0.0005113908,0.0005113908,0.015752522,0.004636894,0.0005113908,0.010852394,PDLC,PDLC,0.0047,0.0034,0.9919
18.151218,46.599205,25.744947,1.4039606,2.2200947,1.1247336,0.6132485,0.44502944,0.0055706655,0.5762868,2.48034,0.0055706655,0.0005570665,0.0005570665,0.01479622,0.0005570665,0.0005570665,0.004005386,0.003725013,0.004180176,0.0005570665,0.0053259195,PDLC,PDLC,0.005,0.004,0.991
25.307217,29.469618,32.387615,1.2774751,2.0625288,1.1974381,0.60257864,1.9631056,0.0053726686,0.65778923,4.3016944,0.0053726686,0.08902874,0.0005372669,0.019361744,0.0005372669,0.0005372669,0.0005372669,0.030154414,0.005935413,0.0005372669,0.008551138,PDLC,PDLC,0.0046,0.0041,0.9913
11.141912,71.7653,15.342411,0.123201095,0.7177933,0.006002777,0.006002777,0.023952417,0.043716975,0.006002777,0.17897078,0.006002777,0.0006002777,0.0006002777,0.0006002777,0.0006002777,0.0006002777,0.0006002777,0.0006002777,0.0006002777,0.0006002777,0.0006002777,PDLC,PDLC,0.0054,0.1367,0.8579
10.461091,56.597404,27.14924,0.74017066,0.9759868,0.005675645,0.057070833,0.005675645,0.14260975,0.005675645,3.223567,0.005675645,0.0049123545,0.0026911134,0.0005675645,0.0005675645,0.0005675645,0.0027205783,0.0005675645,0.0066250362,0.0005675645,0.0005675645,PDLC,PDLC,0.0104,0.2495,0.7402
6.6348042,64.73873,23.231928,0.8616199,1.0096263,0.0058216085,0.0058216085,0.045364447,0.069138885,0.0058216085,2.7535493,0.0058216085,0.00058216084,0.00058216084,0.00058216084,0.00058216084,0.00058216084,0.0017939218,0.00058216084,0.0035190547,0.00058216084,0.00058216084,PDLC,PDLC,0.0073,0.065,0.9277
37.14256,12.208365,36.021114,0.2960028,1.1404473,0.9290393,0.16339439,0.09781287,0.07420617,0.18190613,7.766735,0.005243011,3.1597834,0.12133183,0.051504977,0.0005243011,0.0018403417,0.0062231584,0.0005243011,0.02371513,0.028939068,0.0005243011,PDLC,PDLC,0.0143,0.3584,0.6273
28.402597,35.94396,22.354183,0.75107914,2.2481022,1.6888281,1.6383778,0.5343013,0.34105232,0.19214615,4.5904255,0.0056445375,0.614143,0.0005644538,0.010848795,0.003502328,0.0005644538,0.020485768,0.004640668,0.023295851,0.0005644538,0.017375007,PDLC,PDLC,0.2578,0.0729,0.6693
29.06848,36.205605,29.031797,0.8502313,1.2262317,0.0053966376,0.14879197,0.32548714,0.0053966376,0.48179075,2.0339944,0.0053966376,0.0005396638,0.0005396638,0.006842857,0.0005396638,0.0005396638,0.0005396638,0.012659831,0.0005396638,0.0005396638,0.0043542916,PDLC,PDLC,0.0043,0.0026,0.9931
34.411312,7.7324286,41.44241,0.500916,1.3521532,0.005197206,0.1283805,0.30129832,0.054479763,0.36153346,13.098598,0.005197206,0.0005197206,0.0005197206,0.028024763,0.0064495346,0.0005197206,0.0022539813,0.011850159,0.0005197206,0.0005197206,0.0005197206,PDLC,PDLC,0.0054,0.0061,0.9885
38.820457,15.721886,39.723637,0.44712368,1.4641622,0.0049721766,0.05892968,0.24337873,0.0049721766,0.51322544,2.4145484,0.0049721766,0.00049721764,0.00049721764,0.021634893,0.0016999755,0.00049721764,0.008625551,0.016297035,0.0031610501,0.00049721764,0.002747818,PDLC,PDLC,0.0044,0.0031,0.9925
21.331211,56.848206,12.00847,0.5973576,0.9765564,0.006108863,0.18763436,0.24452297,0.006108863,0.29465783,5.712763,0.006108863,1.090628,0.00061088626,0.00061088626,0.0010829808,0.00061088626,0.020358227,0.012455587,0.00061088626,0.00061088626,0.00061088626,PDLC,PDLC,0.006,0.0046,0.9894
32.257595,22.999563,37.09941,0.26170346,1.3389302,0.0051823426,0.063877374,0.42743203,0.20905568,0.8285409,3.9174037,0.0051823426,0.0005182343,0.0005182343,0.010237136,0.0005182343,0.0005182343,0.009581597,0.009203055,0.0042668586,0.0005182343,0.006501198,PDLC,PDLC,0.0058,0.012,0.9822
38.981735,16.645245,39.968773,0.36722556,0.7564385,0.004976015,0.054381322,0.34170017,0.050793603,0.33963916,1.918499,0.004976015,0.0004976015,0.0004976015,0.013349604,0.0004976015,0.0004976015,0.0004976015,0.014618653,0.0004976015,0.0004976015,0.0029699344,PDLC,PDLC,0.0042,0.0028,0.9929
21.591587,34.186646,33.70624,0.83377427,1.8284732,0.7386791,0.4283733,0.57562006,0.10329998,0.5393174,4.8012366,0.0053751864,0.009220019,0.00053751864,0.038598146,0.00053751864,0.00053751864,0.0043556066,0.01101859,0.0043696146,0.00053751864,0.009208664,PDLC,PDLC,0.0048,0.0032,0.992
16.107502,53.673317,17.787363,1.0947822,3.8398173,1.1442679,0.65667427,0.6979601,0.005845889,0.19742636,4.088406,0.005845889,0.038269754,0.0005845889,0.015293161,0.0005845889,0.0005845889,0.0038029635,0.01307289,0.005056892,0.0005845889,0.009724303,PDLC,PDLC,0.0071,0.0063,0.9866
23.950106,50.339104,22.78304,0.19928479,0.6648681,0.0056440555,0.08914334,0.076052725,0.0056440555,0.16510132,1.1034434,0.0056440555,0.0037303737,0.0005644055,0.005273269,0.0005644055,0.0005644055,0.0009018121,0.0009899247,0.0005644055,0.0005644055,0.0035246103,PDLC,PDLC,0.0061,0.0085,0.9853
22.98539,36.19668,32.283142,0.62964535,2.1750064,1.544287,1.0621424,0.230796,0.22980541,0.28301868,1.6914095,0.005316416,0.0037648114,0.0005316416,0.015185299,0.0005316416,0.0005316416,0.039317936,0.005536476,0.0033798995,0.028066712,0.0005316416,PDLC,PDLC,0.0236,0.1686,0.8078
11.405437,80.07416,6.4927588,0.1342452,0.55165935,0.0062922533,0.048199058,0.05310695,0.0062922533,0.03739338,0.5092844,0.0062922533,0.00062922534,0.00062922534,0.00062922534,0.00062922534,0.00062922534,0.0007181298,0.00062922534,0.00062922534,0.00062922534,0.0012518438,PDLC,PDLC,0.0064,0.0566,0.937
22.001045,47.116257,24.661333,0.16402434,0.53508025,0.0056911474,0.056800712,0.06622452,0.08267145,0.25305665,4.414728,0.0056911474,0.008508151,0.00056911475,0.022256562,0.00056911475,0.00086564466,0.00056911475,0.0011853437,0.00056911475,0.00056911475,0.0020443469,PDLC,PDLC,0.0063,0.0163,0.9774
12.546487,1.2116252,42.347702,0.31639788,1.2630363,0.005737396,0.005737396,0.47824618,0.005737396,0.35033908,34.107327,0.005737396,0.0005737396,0.0005737396,0.019144563,0.0005737396,0.0018124876,0.0005737396,0.01188687,0.0005737396,0.0005737396,0.0005737396,PDLC,PDLC,0.0057,0.0101,0.9842
27.904099,31.418627,29.997414,0.5900996,1.1555622,0.7287614,0.22465914,0.6707948,0.08422719,0.26201633,6.301823,0.0054868306,0.00054868305,0.00054868305,0.018674646,0.007851134,0.00054868305,0.014402774,0.019246973,0.0032023191,0.00054868305,0.0025774005,PDLC,PDLC,0.0053,0.0056,0.9892
23.037458,19.132334,37.182285,0.766305,2.1476045,0.0054838704,0.42047843,0.52310264,0.123796694,0.647041,15.290518,0.0054838704,0.00054838706,0.00054838706,0.014931656,0.021318562,0.00054838706,0.00054838706,0.029395912,0.0056581884,0.03557947,0.00560661,PDLC,PDLC,0.0053,0.0055,0.9892
22.679504,15.58804,39.56294,2.2246687,2.589527,0.9108813,0.5297191,0.6863111,0.23365948,0.8824926,13.414533,0.005311504,0.035105776,0.00053115044,0.023324056,0.013989856,0.00053115044,0.00053115044,0.029811125,0.0049267733,0.00053115044,0.013913528,PDLC,PDLC,0.0049,0.0075,0.9875
28.492645,4.182927,38.514137,6.4506674,2.1669848,4.46806,1.9015925,0.5650631,0.18725532,0.9462187,11.202976,0.005063249,0.2522621,0.00050632487,0.019192796,0.01525944,0.0036729705,0.009881483,0.019870244,0.0041688033,0.00050632487,0.0128435,PDLC,PDLC,0.0151,0.0136,0.9713
36.478874,7.239751,44.804573,0.27820423,0.910835,0.004996766,0.12218251,0.31295684,0.004996766,0.55007094,8.706962,0.004996766,0.012423898,0.0004996766,0.0074696057,0.0004996766,0.0004996766,0.0004996766,0.0065181875,0.0033329132,0.0004996766,0.008864117,PDLC,PDLC,0.0044,0.0029,0.9927
31.306011,35.423946,23.799849,1.1121758,2.1463237,0.005532406,1.246648,0.72930163,0.005532406,0.18492426,3.3072584,0.005532406,0.047013175,0.0005532406,0.030718358,0.0005532406,0.0005532406,0.007387486,0.030565778,0.006054222,0.0005532406,0.0036383327,PDLC,PDLC,0.1137,0.0077,0.8786
19.770792,38.245636,21.03995,1.7442602,5.5420737,1.3912349,0.9467311,0.5113233,0.005760299,0.55513614,9.4994135,0.005760299,0.009699304,0.0005760299,0.016299397,0.0046682847,0.0005760299,0.0005760299,0.046916403,0.00630361,0.0005760299,0.009327259,PDLC,PDLC,0.006,0.0051,0.9889
10.332246,51.02599,15.20503,2.95001,2.8399243,1.8336728,0.8441349,0.5949361,0.0061533717,0.25917155,13.241126,0.0061533717,0.07756351,0.00061533717,0.00061533717,0.014570925,0.00061533717,0.012219661,0.03305218,0.005964185,0.040819354,0.005815013,PDLC,PDLC,0.0188,0.0168,0.9644
25.344984,27.094576,25.04268,3.0331838,3.3144207,1.6424819,1.4283557,0.61989045,0.0056272135,0.5343017,11.185805,0.0056272135,0.00056272134,0.00056272134,0.08502183,0.00056272134,0.00056272134,0.017597083,0.03972557,0.0038120777,0.00056272134,0.008800781,PDLC,PDLC,0.0729,0.0126,0.9145
22.071573,21.380573,37.186737,1.9087408,2.3936772,0.0053618005,1.4222591,0.8454858,0.09799058,0.56932265,11.43966,0.0053618005,0.007172018,0.00053618004,0.025477177,0.00053618004,0.00053618004,0.0052626664,0.03391387,0.0050851884,0.00053618004,0.014193437,PDLC,PDLC,0.0154,0.0031,0.9815
33.788345,33.240513,28.996025,0.26094127,1.0491209,0.0053489627,0.171501,0.23880196,0.0053489627,0.28464842,1.3558942,0.0053489627,0.0074915444,0.0005348963,0.010137913,0.0005348963,0.0005348963,0.0025639858,0.009147134,0.0036235806,0.0005348963,0.0019509894,PDLC,PDLC,0.0043,0.004,0.9917
25.137938,35.7765,31.909922,1.3103123,1.9166433,0.68147665,0.8886584,0.09293781,0.09178756,0.5918921,0.99396175,0.005283437,0.0005283437,0.0005283437,0.0070519173,0.0005283437,0.0005283437,0.008381623,0.0005283437,0.0064976094,0.0005283437,0.0023066679,PDLC,PDLC,0.0108,0.0364,0.9528
20.525883,55.19584,14.4419775,0.2718367,1.4122633,0.006064777,0.006064777,0.16331705,0.05214503,0.21065056,7.029798,0.006064777,0.010689186,0.00060647767,0.0063139345,0.01021407,0.00060647767,0.00060647767,0.005385062,0.00060647767,0.00060647767,0.0062675504,PDLC,PDLC,0.0052,0.0051,0.9897
29.198387,30.363518,31.554129,0.14597233,0.7154665,0.0054102577,2.3981543,0.26007485,0.5407921,0.29883566,3.6325116,0.0054102577,0.0005410258,0.0005410258,0.008087729,0.0005410258,0.002152253,0.21494073,0.00545628,0.0005410258,0.05716365,0.0005410258,PDLC,CT,0.903,0.0214,0.0756
34.692238,28.827877,18.619785,0.742645,5.749761,0.85332364,0.005623335,0.14426339,0.005623335,0.11474649,3.9083915,0.005623335,4.6020446,1.1294836,0.0005623335,0.0005623335,0.0005623335,0.0005623335,0.0047465228,0.0005623335,0.0005623335,0.0005623335,PDLC,PDLC,0.006,0.0091,0.9848
25.237131,42.94565,1.5862305,1.2841924,3.278894,0.0066394466,3.6816971,0.55080205,0.0066394466,0.42980954,20.030334,0.0066394466,0.09246703,0.00066394464,0.00066394464,0.00066394464,0.00066394464,0.030385964,0.0049491622,0.0039442256,0.08281782,0.011411262,CT,CT,0.968,0.0037,0.0283
19.973417,48.67903,18.22236,2.5280254,1.0941111,2.1025927,0.13710545,0.25636423,0.13876697,0.13719206,6.011783,0.005851877,0.010774394,0.0005851877,0.038428277,0.0014079303,0.0025333392,0.006879061,0.004875281,0.0050620716,0.022839919,0.0005851877,PCM,PCM,0.0084,0.9663,0.0253
40.441822,4.016563,45.24274,0.8930866,1.5106889,0.004857058,0.061079826,0.08482881,0.2818394,0.42353067,6.3497043,0.004857058,0.03133783,0.0004857058,0.11921905,0.0025831817,0.0004857058,0.002328195,0.0015440529,0.009921661,0.0004857058,0.0004857058,PCM,PCM,0.0068,0.9829,0.0103
46.956722,6.588296,34.296852,0.23136276,0.92588216,0.0051261163,0.24340035,0.21953619,0.043772537,0.14738718,3.0599732,0.0051261163,6.411235,0.12082204,0.114191934,0.0055823782,0.0014394486,0.0076055136,0.0031467872,0.002884943,0.038073536,0.00051261164,PCM,PCM,0.0238,0.6702,0.306
21.223743,52.70011,13.061888,1.1863343,0.93909645,1.3594239,0.06271365,0.10438645,0.006041918,0.006041918,5.0303335,0.006041918,3.588298,0.016726632,0.026773402,0.005814613,0.0006041918,0.0051027383,0.0006041918,0.0043448918,0.01918209,0.0006041918,PCM,PCM,0.0073,0.5478,0.4449
27.084654,28.9796,8.4574585,1.3704991,19.331608,2.7003043,0.005673106,0.63490146,0.005673106,0.005673106,6.6490483,0.005673106,3.8880405,0.031064115,0.065270774,0.00056731055,0.00056731055,0.00056731055,0.02325859,0.00056731055,0.09426948,0.00056731055,PCM,PCM,0.0828,0.5665,0.3507
21.75639,8.892034,36.402805,0.8814773,1.4143845,0.9253837,0.09549074,0.1179327,0.080127016,0.10678605,27.666359,0.0057898303,0.06751431,0.00057898305,0.9096406,0.034458477,0.0019645374,0.00057898305,0.0023483264,0.020274967,0.00057898305,0.00057898305,PCM,PCM,0.0087,0.9452,0.0461
38.178818,18.948317,23.466955,0.20742765,1.4340459,0.8444987,0.20101117,0.12057123,0.05386436,0.0056693354,8.943023,0.015391948,6.730384,0.0490799,0.07536715,0.021393448,0.00056693354,0.045551382,0.0052825296,0.01311717,0.00056693354,0.00056693354,PCM,PCM,0.0312,0.8444,0.1244
35.436066,49.389412,2.337626,0.06116373,0.9144366,8.073243,0.061349917,1.3617353,0.006116373,0.006116373,1.2126508,0.006116373,0.39973086,0.0030871874,0.0006116373,0.0006116373,0.007084768,0.0035600893,0.0545099,0.0006116373,0.019908387,0.0006116373,PCM,PDLC,0.01,0.3558,0.6342
24.428255,6.6863275,41.50978,0.8462847,2.7611446,0.005439432,0.5082757,0.29784092,0.43970752,0.25870672,21.165619,0.005439432,0.042884767,0.0005439432,0.4485306,0.0005439432,0.0005439432,0.0005439432,0.01192544,0.009977489,0.0005439432,0.0005439432,PCM,PCM,0.0107,0.9676,0.0217
39.4902,6.4394608,49.890186,0.14254035,2.4528983,0.0045790016,0.0045790016,0.032333393,0.14642523,0.3462696,0.5201753,0.0045790016,0.00045790017,0.0038520205,0.029886173,0.00045790017,0.00045790017,0.00045790017,0.00045790017,0.0084946565,0.00045790017,0.00045790017,PCM,PCM,0.0053,0.9295,0.0653
25.3699,1.9168117,29.210793,2.3817713,2.371794,0.91409886,2.5335276,0.14947426,0.20180614,0.72357327,21.193018,0.005831202,11.893005,0.10399482,0.02809674,0.0077531775,0.0038206966,0.24537367,0.014702013,0.005165734,0.11341397,0.00058312016,PCM,PCM,0.0898,0.8961,0.0142
23.44677,0.83809793,27.883211,1.2662414,4.173569,0.0059725908,0.8892273,0.12527381,0.0059725908,0.7583477,24.731092,0.0059725908,14.858355,0.10733855,0.052135214,0.006352935,0.0005972591,0.073140725,0.025926797,0.008029851,0.11111898,0.0005972591,PCM,PCM,0.0691,0.7886,0.1423
21.165766,32.35847,35.59141,2.0161204,1.6958143,1.0269002,0.38725543,0.11424362,0.30477193,0.17163832,4.4455824,0.0052683037,0.0005268304,0.0005268304,0.077208266,0.0026684753,0.0005268304,0.005712039,0.0029453158,0.0068633454,0.047876235,0.0005268304,PCM,PCM,0.011,0.9803,0.0087
40.79654,12.039743,36.587074,0.3628265,1.8615522,0.0050751385,2.872383,0.14260475,0.22943826,0.17783873,4.081195,0.0050751385,0.0005075139,0.0005075139,0.19644299,0.0005075139,0.0005075139,0.031335883,0.048011977,0.007510888,0.020436551,0.0005075139,PCM,CT,0.9061,0.0848,0.0091
35.349464,31.251776,27.051092,0.27229518,0.9437786,1.4732018,0.17052646,0.44123185,0.3076529,0.15466604,1.8848786,0.0054154987,0.008351727,0.0005415499,0.082618125,0.0043202746,0.0005415499,0.006736925,0.01715644,0.0047410307,0.0005415499,0.0005415499,PCM,PCM,0.006,0.9842,0.0098
37.39748,23.606045,32.62989,0.33469668,1.6067111,1.6064614,0.12418673,0.27821368,0.13111621,0.11791107,1.4072772,0.0051737586,0.0005173759,0.0005173759,0.19777428,0.0005173759,0.0005173759,0.0014761923,0.005331199,0.004421555,0.0005173759,0.0005173759,PCM,PCM,0.0046,0.9865,0.0089
36.850586,14.424404,34.769108,0.58409315,3.2044709,1.1001148,0.09992474,0.26333845,0.15693174,0.22115614,3.536791,0.005050169,0.0005050169,0.0005050169,0.1412149,0.0005050169,0.0005050169,0.0005050169,0.015888346,0.0097371675,0.0005050169,0.0032374666,PCM,PCM,0.005,0.9853,0.0097
30.185396,15.408814,41.308342,1.2996892,4.0372176,1.6510047,0.7873745,0.25168243,0.28048164,0.50914466,3.0287354,0.0049253,0.00049253,0.00049253,0.6771778,0.00049253,0.00049253,0.008993928,0.008530621,0.008931758,0.00049253,0.00049253,PCM,PCM,0.0064,0.9696,0.024
17.25608,47.624737,24.114952,0.63627523,4.592186,0.0056180074,0.6741104,0.48988995,0.13090524,0.0056180074,3.770991,0.0056180074,0.0005618007,0.022513274,0.043341182,0.009105937,0.0005618007,0.016093584,0.002956068,0.0005618007,0.0005618007,0.0005618007,PCM,PCM,0.0434,0.8225,0.1341
22.068249,39.642876,27.99084,0.48123655,1.5417143,1.3317894,0.317443,0.44468623,0.19170754,0.13385224,5.0924487,0.0055678254,0.0005567825,0.005876108,0.07817934,0.013677908,0.0005567825,0.012264212,0.007018985,0.0049324143,0.036894493,0.0005567825,PCM,PCM,0.0073,0.9858,0.0069
20.329361,70.83679,1.6544948,0.2036079,0.90818477,3.5373425,0.15845078,0.4780259,0.2279412,0.0063313963,0.90983,0.0063313963,0.0006331396,0.0006331396,0.0036337797,0.0006331396,0.0023705326,0.030710379,0.0036784618,0.0006331396,0.030889358,0.0006331396,PCM,PCM,0.0093,0.9331,0.0577
17.508066,70.06514,4.848915,0.25376242,0.77270085,2.3657517,0.25590882,0.54852325,0.14359699,0.0063115773,2.3414261,0.0063115773,0.0006311577,0.0006311577,0.045069456,0.0055945907,0.002067723,0.096164756,0.010931654,0.0039467914,0.040536016,0.0006311577,PCM,PCM,0.015,0.9765,0.0085
35.25708,23.413815,34.40503,0.12311984,1.0752691,1.3492029,0.0980987,0.463116,0.40204096,0.19549346,2.4593143,0.0052074166,0.0005207417,0.0005207417,0.086533114,0.003165162,0.002315274,0.042434327,0.016725566,0.004178959,0.036288485,0.0005207417,PCM,PCM,0.0063,0.9874,0.0063
36.037403,15.082004,43.455273,0.51206744,1.0708057,0.004896177,0.004896177,0.15261237,0.36676636,0.18540989,2.4860954,0.004896177,0.0004896177,0.0004896177,0.07632918,0.002975985,0.0004896177,0.0037439382,0.0025762573,0.005306956,0.017362837,0.0004896177,PCM,PCM,0.0083,0.9832,0.0084
22.788092,51.950996,16.995834,0.13688609,1.2610995,2.585539,0.22631115,0.5639272,0.33113623,0.10389677,2.2406635,0.0058592367,0.0025817303,0.00058592367,0.107296556,0.00058592367,0.0033591823,0.015179716,0.012396219,0.0051295036,0.03622291,0.00058592367,PCM,PCM,0.0074,0.9876,0.005
34.258877,25.600843,19.019384,4.0719433,0.99530184,4.817109,0.5372635,0.8169723,0.39982864,0.13873096,8.432715,0.005679886,0.0005679886,0.0005679886,0.18475056,0.0011507791,0.005848153,0.011862806,0.011892245,0.01041855,0.07188263,0.0034528181,PCM,PCM,0.0095,0.9837,0.0067
25.299618,51.96713,7.919837,1.5578109,0.86482966,3.6215694,0.7308245,0.8138019,0.4518555,0.13264212,5.098423,0.0061910767,0.0038970679,0.0006191077,0.0737092,0.0021167146,0.005939864,0.5466123,0.028911237,0.008194546,0.19696216,0.0036951439,PCM,PCM,0.0258,0.9638,0.0104
37.67836,21.676504,36.07837,0.16993494,0.66126084,0.9212186,0.047266085,0.223582,0.24586874,0.20013176,1.3904954,0.0051060114,0.00051060115,0.00051060115,0.12226295,0.00051060115,0.00051060115,0.00051060115,0.03274376,0.0067051323,0.00051060115,0.0014673257,PCM,PCM,0.0043,0.9916,0.0041
25.528234,26.115679,38.848923,0.15962884,1.6733557,0.00521682,0.10387301,0.1291481,0.21044649,0.33962104,5.761903,0.00521682,0.000521682,0.010053828,0.52974516,0.0043599564,0.000521682,0.005715758,0.0040030847,0.0067962743,0.000521682,0.000521682,PCM,PCM,0.0077,0.9822,0.0101
14.197171,71.15471,6.5606995,0.08618188,1.6804819,2.801792,0.068160474,0.49024734,0.20971198,0.0062511107,1.9857589,0.0062511107,0.00062511105,0.008222629,0.031955574,0.005857621,0.0027793117,0.0059928475,0.0046596895,0.0037135312,0.019072419,0.00062511105,PCM,PCM,0.0052,0.989,0.0058
23.47556,31.595596,26.983828,0.6892884,2.4389064,2.463866,0.646408,0.5231905,0.23910439,0.3246404,9.489936,0.005641712,0.0005641712,0.0005641712,0.47763512,0.005715224,0.0005641712,0.0005641712,0.026964245,0.015405196,0.0005641712,0.0036790385,PCM,PCM,0.0061,0.9816,0.0123
20.825508,47.851448,20.159313,0.26112676,1.6944346,1.299274,0.08103832,0.23270413,0.19794255,0.14003557,6.4649215,0.0058625517,0.0039670435,0.0080702,0.052348405,0.014921591,0.0005862552,0.008497422,0.0034703347,0.010692513,0.04619006,0.0005862552,PCM,PCM,0.0127,0.9796,0.0078
19.6159,52.38438,17.988125,0.37419206,1.4776304,2.1285481,0.41356522,0.6817059,0.42507118,0.18391997,3.3649433,0.005892238,0.0005892238,0.0075703277,0.0975984,0.0019399298,0.0015166991,0.1297207,0.014274584,0.009518467,0.06628929,0.0005892238,PCM,PCM,0.0087,0.987,0.0043
37.210247,21.942198,28.050117,0.23770383,1.4535812,1.2992927,0.07241809,0.29824182,0.07452939,0.1435048,8.201053,0.005486526,0.0005486526,0.0005486526,0.38731262,0.026609002,0.0005486526,0.0032560986,0.0050520496,0.003602409,0.0005486526,0.0024862953,PCM,PCM,0.0057,0.8671,0.1272
24.126764,50.95633,15.473018,0.15592849,1.3580627,3.0773938,0.14873765,0.69344926,0.32452095,0.005902087,2.854921,0.005902087,0.0030650059,0.0005902087,0.057821892,0.0019431723,0.0059388247,0.029503698,0.025232548,0.0054745777,0.057159945,0.0005902087,PCM,PCM,0.0113,0.9823,0.0065
43.591812,8.586495,43.648216,0.1591688,0.9201266,0.0048095677,0.0048095677,0.15403236,0.15427023,0.13634324,1.5589218,0.0048095677,0.00048095678,0.00048095678,0.5388472,0.0012789622,0.00048095678,0.0017565187,0.0064848815,0.00842113,0.00048095678,0.00048095678,PCM,PCM,0.0044,0.9914,0.0042
31.570711,28.737928,30.808655,0.44935486,0.6831457,1.2787236,0.328604,0.78185606,0.4332073,0.17872202,3.9938889,0.0053996686,0.00053996686,0.00053996686,0.074088514,0.0023247616,0.00053996686,0.036667462,0.008050019,0.0074284137,0.033303134,0.00053996686,PCM,PCM,0.0078,0.9861,0.0061
14.19037,76.06818,3.3886538,0.17045833,1.5717665,2.2129035,0.12008217,0.309961,0.06849306,0.0063324384,1.1673821,0.0063324384,0.0006332438,0.0059082094,0.0118328575,0.0018442983,0.0006332438,0.0138761485,0.0027766544,0.0006332438,0.016046666,0.0006332438,PCM,PCM,0.0071,0.9586,0.0343
28.204756,39.930664,19.779728,0.17147586,1.0460005,2.9184067,0.2295328,0.80770034,0.35365897,0.13603355,5.4307218,0.005792957,0.0047404044,0.008949046,0.07252601,0.004914818,0.002168936,0.008991579,0.014034064,0.007063845,0.046105742,0.0005792957,PCM,PCM,0.0081,0.9854,0.0064
24.99043,45.713463,18.78422,0.30959445,0.9685827,2.1874516,0.35223302,0.76849407,0.40264878,0.11489469,4.5945168,0.005845464,0.0005845464,0.0026822258,0.070296615,0.009918732,0.0023253823,0.007938944,0.00999619,0.0055439,0.038478844,0.0005845464,PCM,PCM,0.0057,0.9892,0.0051
25.605978,39.852535,20.042768,0.2811787,0.9923968,2.1112425,0.1339266,0.6086738,0.22657551,0.11274769,9.201348,0.0058918884,0.0005891888,0.0005891888,0.12724,0.022830127,0.0013787355,0.006186416,0.008331729,0.005465118,0.017804803,0.0022792607,PCM,PCM,0.0048,0.9897,0.0055
35.52087,13.150445,43.13869,0.58789796,1.0971433,0.9771264,0.39760077,0.35524702,0.3475425,0.31186995,3.2960649,0.0049288725,0.0004928872,0.0004928872,0.21485941,0.0004928872,0.0004928872,0.015807044,0.016533313,0.014023785,0.015217665,0.0032414247,PCM,PCM,0.0062,0.9871,0.0067
45.453964,5.0454063,45.23827,0.07478538,1.4895419,0.004719723,0.05381789,0.11201047,0.13943668,0.24344751,1.3552775,0.004719723,0.00047197228,0.00047197228,0.27339897,0.00047197228,0.00047197228,0.00047197228,0.0047081336,0.00491894,0.00047197228,0.0028691324,PCM,PCM,0.0051,0.9708,0.0241
27.292763,20.756746,33.79296,1.6469399,3.3254237,2.118786,0.3622564,0.9734194,0.4394853,0.31654918,7.8808026,0.005331808,0.0005331808,0.0193276,0.26444834,0.010194919,0.0005331808,0.05141951,0.03810772,0.021282777,0.09519838,0.0005331808,PCM,PCM,0.0214,0.9717,0.0069
32.371937,12.518193,41.154068,2.3573303,2.0775032,1.6923532,0.25899783,0.29170564,0.30804175,0.3079312,5.9360895,0.004983253,0.0004983253,0.009527479,0.145862,0.00246099,0.0004983253,0.014388986,0.0046432572,0.008413621,0.0004983253,0.0004983253,PCM,PCM,0.0056,0.9896,0.0048
26.485971,15.95265,44.0996,1.1642791,3.7682328,0.83564526,0.5989563,0.27985752,0.5107972,0.46319008,4.9526534,0.0049413275,0.00049413275,0.00049413275,0.29494163,0.003253714,0.00049413275,0.0034400935,0.0180376,0.016016185,0.00049413275,0.00049413275,PCM,PCM,0.0053,0.9874,0.0073
29.389181,27.013874,33.326077,0.5975352,4.1562057,1.871902,0.1089456,0.3166684,0.42561308,0.23003356,1.8509065,0.005173367,0.0005173367,0.015509023,0.11835177,0.0005173367,0.0029659637,0.009033613,0.011228697,0.0060387403,0.0005173367,0.0005173367,PCM,PCM,0.0049,0.9898,0.0053
19.562841,42.63714,23.408695,0.5999476,3.2468743,1.3057047,0.12732042,0.22903377,0.18106823,0.15719634,7.7972665,0.005739874,0.00057398743,0.019753315,0.10265919,0.00057398743,0.00057398743,0.002816875,0.005159494,0.005802687,0.00057398743,0.00057398743,PCM,PCM,0.0063,0.9865,0.0072
29.313438,36.79774,15.814293,2.1736262,5.349135,1.5364201,0.6312615,0.1951057,0.14942071,0.0057577835,6.990276,0.0057577835,0.00057577837,0.015851958,0.3629643,0.00057577837,0.00057577837,0.03265942,0.00057577837,0.012961764,0.00057577837,0.006459409,PCM,PCM,0.0271,0.9499,0.023
42.27747,10.665975,41.614605,0.36862037,1.7082815,0.004863362,0.07195902,0.18115558,0.13480167,0.13609107,2.1687224,0.004863362,0.00048633618,0.0043887785,0.13229133,0.0036334647,0.00048633618,0.00048633618,0.0030388015,0.0066399206,0.00048633618,0.00048633618,PCM,PCM,0.0055,0.986,0.0085
31.316345,25.643639,35.37343,0.2572389,1.5599169,1.3039889,0.1683266,0.30541605,0.27403304,0.13733537,2.6948447,0.0051933746,0.0005193375,0.007863935,0.36675668,0.0005193375,0.0005193375,0.0032006647,0.0068885195,0.011312301,0.0005193375,0.0005193375,PCM,PCM,0.0044,0.9915,0.0041
34.478546,11.273637,41.302063,2.582348,2.0816462,1.5340854,1.2227011,0.40156952,0.28051925,0.20478114,3.8655722,0.0049023023,0.0004902302,0.008622893,0.21690735,0.0056490297,0.0004902302,0.009119782,0.0004902302,0.01062719,0.0004902302,0.0004902302,PCM,PCM,0.0408,0.9469,0.0123
32.970707,5.959579,54.746857,0.6274278,2.0603054,0.0045182696,0.45556983,0.17236009,0.16984975,0.20403294,1.7636179,0.0045182696,0.00045182696,0.00045182696,0.34507272,0.00045182696,0.00045182696,0.004434732,0.012481408,0.009370877,0.00045182696,0.00045182696,PCM,PCM,0.0058,0.9853,0.0089
23.492722,23.714138,38.73314,1.1107124,4.489639,1.2305608,1.1870009,0.5078307,0.32891494,0.6128581,3.7924173,0.005092883,0.0005092883,0.0005092883,0.14798333,0.0005092883,0.0025027038,0.048650343,0.04226204,0.01279192,0.0005092883,0.00450324,PCM,PCM,0.0167,0.8852,0.0982
31.380047,21.558363,37.67086,1.5729176,1.9178327,1.6840456,0.124928035,0.13407758,0.30170706,0.25405866,2.6845322,0.00505744,0.000505744,0.008276937,0.15417625,0.000505744,0.000505744,0.0024242466,0.0073180534,0.0063250945,0.000505744,0.000505744,PCM,PCM,0.0045,0.9905,0.0051
36.97602,21.97032,35.917866,0.2078517,0.6569759,1.2499547,0.11816194,0.18654375,0.31292012,0.42578498,1.2865711,0.0051141405,0.0005114141,0.0005114141,0.123618014,0.0005114141,0.0005114141,0.0049028513,0.006615239,0.009540711,0.0005114141,0.0021197046,PCM,PCM,0.0044,0.9916,0.004
30.519163,36.465225,18.251804,0.72788894,4.2342377,3.3850698,0.5053483,0.44194078,0.3345028,0.0056668576,4.3336825,0.0056668576,0.0064207623,0.021495575,0.11012713,0.00056668575,0.00056668575,0.0072436435,0.019505758,0.0089772,0.00056668575,0.00056668575,PCM,PCM,0.0083,0.9838,0.0079
43.295666,10.948273,39.950172,0.38655633,2.1483145,0.004890685,0.05808588,0.15080641,0.18634564,0.35319105,1.6226968,0.004890685,0.0004890685,0.015110406,0.32612398,0.0004890685,0.0004890685,0.0004890685,0.021391116,0.0061165416,0.0004890685,0.0004890685,PCM,PCM,0.0048,0.988,0.0071
41.501266,16.554531,36.022903,0.1609874,2.458394,0.80384016,0.07476758,0.10478909,0.08941412,0.28169367,1.2339562,0.0050109285,0.0005010929,0.0059781647,0.1632588,0.0005010929,0.0005010929,0.0026878982,0.0034605858,0.0049090907,0.0005010929,0.0005010929,PCM,PCM,0.0053,0.9766,0.0181
27.294296,51.646576,8.4255905,0.39405873,1.4618329,3.2654402,0.1764333,0.5668083,0.21368775,0.0061327782,5.677583,0.0061327782,0.0034743338,0.014820725,0.14529352,0.006911617,0.0025831892,0.005879404,0.008000094,0.0065194727,0.022016019,0.00061327784,PCM,PCM,0.0057,0.9891,0.0052
31.483707,24.953737,28.721006,1.9389145,1.7835764,3.2399697,0.5536846,0.5675326,0.27662638,0.34630775,4.900806,0.005384754,0.0005384754,0.010130388,0.51229984,0.0005384754,0.00239412,0.061640132,0.019184042,0.00819358,0.027486438,0.0005384754,PCM,PCM,0.0086,0.9832,0.0082
40.986996,10.792241,40.238277,0.3253388,3.1382422,0.92447835,0.17565155,0.20852643,0.22141321,0.38402852,1.9088804,0.0048785605,0.00048785604,0.011715111,0.14305808,0.00048785604,0.00048785604,0.0048997183,0.00492006,0.012253601,0.00048785604,0.00048785604,PCM,PCM,0.0044,0.9914,0.0042
39.44625,16.86023,37.858017,0.2500639,1.0798988,0.8065476,0.09788201,0.21472284,0.22696942,0.28231898,2.1650167,0.0050358344,0.00050358346,0.0040822765,0.14195673,0.00050358346,0.00050358346,0.00050358346,0.01921063,0.0075576883,0.00050358346,0.002782998,PCM,PCM,0.0047,0.99,0.0053
39.180626,18.533644,36.35373,0.19196497,0.9307906,1.0038273,0.071636155,0.14739618,0.2365274,0.4694376,1.9866977,0.0050904853,0.0005090485,0.0028808191,0.32816857,0.0005090485,0.0005090485,0.0015686271,0.0043525593,0.012096203,0.0005090485,0.003122652,PCM,PCM,0.0045,0.9908,0.0047
34.76591,36.695427,20.39294,0.24176033,1.4295049,2.0205634,0.12162601,0.28739527,0.1597743,0.26359895,2.6794808,0.0056287847,0.00056287844,0.0054238825,0.3199727,0.00056287844,0.00056287844,0.00056287844,0.0035170647,0.011556754,0.00056287844,0.0022708,PCM,PCM,0.0046,0.9911,0.0042
20.838705,43.428806,13.02457,0.39711317,1.3176104,2.4733307,0.32615885,0.45492342,0.1602213,0.08582025,16.47527,0.006302697,0.006645276,0.010796912,0.224189,0.00063026976,0.003465938,0.02445694,0.013748978,0.009261911,0.037587628,0.00063026976,PCM,PCM,0.0129,0.9783,0.0088
35.988525,17.19873,36.003994,0.6690615,2.4671469,1.0961078,0.09272507,0.08664254,0.3154372,0.0049549807,0.7275645,0.0049549807,0.00049549807,0.005077756,0.054627664,0.0011921418,0.00049549807,0.0045240633,0.009070878,0.0038214545,0.00049549807,0.00049549807,PCM,PCM,0.0062,0.9693,0.0246
41.08964,18.016844,31.428686,0.5229884,2.1689482,0.7435241,0.05377632,0.13742456,0.14938086,0.3234495,1.1347551,0.005107221,0.0005107221,0.004686957,0.11779288,0.0005107221,0.0005107221,0.001340631,0.003918985,0.012774707,0.0005107221,0.0027942243,PCM,PCM,0.0057,0.9817,0.0127
35.56962,32.28664,24.766579,0.36467797,1.6473321,1.7526516,0.51000094,0.28854674,0.20200948,0.17757803,1.6932102,0.005450618,0.00054506183,0.0046686237,0.09181122,0.00054506183,0.0014667972,0.025442854,0.026947172,0.005169424,0.00054506183,0.00054506183,PCM,PCM,0.0057,0.9871,0.0072
34.32555,36.927483,22.569763,0.23102967,1.5356858,1.6799564,0.23059861,0.27714145,0.16416834,0.17944402,1.2024934,0.005527471,0.0005527471,0.0050726254,0.06492318,0.0005527471,0.0010994409,0.004794428,0.008907067,0.004320587,0.0005527471,0.0005527471,PCM,PCM,0.0048,0.986,0.0093
38.756145,24.187277,30.263643,0.44929764,2.080865,0.99393,0.15983997,0.09498357,0.1590667,0.17055011,2.0147212,0.005237994,0.0005237994,0.0041660396,0.09158554,0.0005237994,0.0005237994,0.0005237994,0.010622521,0.0054590865,0.0005237994,0.0005237994,PCM,PCM,0.0048,0.988,0.0072
36.636944,23.569304,33.144604,0.5238771,1.2783865,1.0004387,0.67636234,0.264405,0.20506877,0.43304786,1.5765798,0.005186998,0.00051869976,0.0029354377,0.08570918,0.00051869976,0.00051869976,0.015746877,0.020128444,0.007838611,0.00051869976,0.0034398437,PCM,PCM,0.009,0.9452,0.0458
30.385601,22.065948,43.876102,0.24387948,1.7950081,0.0048775896,0.054644387,0.08304752,0.38758752,0.0048775896,0.4778457,0.0048775896,0.00048775898,0.0073111625,0.07962003,0.00048775898,0.00048775898,0.00048775898,0.00048775898,0.0071168584,0.00048775898,0.00048775898,PCM,PCM,0.0062,0.9738,0.02
31.457323,19.923794,31.840834,0.55524135,4.3830633,2.0076864,0.47938538,0.31622455,0.0053074053,0.0053074053,7.366502,0.0053074053,0.00053074054,0.030116968,1.0406969,0.00053074054,0.00053074054,0.009207094,0.004538034,0.010067199,0.00053074054,0.00053074054,PCM,PCM,0.0107,0.9679,0.0214
20.428553,55.064754,7.074926,0.9540477,2.5494478,4.425022,0.27158803,0.99127465,0.33468226,0.006226948,7.039813,0.006226948,0.0006226948,0.014476844,0.09690907,0.0024443832,0.0048814234,0.009523066,0.022252752,0.007722843,0.027704544,0.0006226948,PCM,PCM,0.009,0.9842,0.0067
27.431292,45.000164,19.576279,0.46139082,3.619197,0.99966186,0.2556287,0.19293556,0.085052095,0.0056415675,1.7288886,0.0056415675,0.00056415674,0.011390134,0.010843086,0.00056415674,0.00056415674,0.0022535364,0.0030303078,0.0042333803,0.00056415674,0.00056415674,PCM,PCM,0.0065,0.4972,0.4963
31.705238,31.014698,24.402914,1.394336,1.0207788,2.0861266,1.0639338,0.493199,0.3082957,0.3509225,5.2217865,0.005573172,0.0005573172,0.0005573172,0.24659066,0.0019054544,0.0005573172,0.024361162,0.023887467,0.007609021,0.023334842,0.0033263476,PCM,PCM,0.0088,0.9788,0.0124
22.776525,19.660597,17.00761,3.5960557,1.7080084,3.443718,16.965057,0.31743982,0.30849567,0.21738236,12.304441,0.005914711,0.047655746,0.0047947336,0.018236276,0.0005914711,0.012664297,0.83009815,0.014653212,0.017876666,0.09040252,0.0005914711,PCM,CT,0.9706,0.0179,0.0115
20.5852,29.336466,32.05844,1.4969201,4.677086,1.3847532,1.0141447,0.43745342,0.1582824,0.005389854,7.9768295,0.005389854,0.0005389854,0.0005389854,0.21876813,0.0005389854,0.0005389854,0.019930527,0.008508056,0.0102797635,0.0005389854,0.0005389854,PCM,PCM,0.0365,0.9468,0.0168
26.128016,17.276299,45.9171,0.39796177,2.3882997,0.0049471324,0.99675864,0.1779715,0.2988168,0.68256646,5.024646,0.0049471324,0.00049471325,0.00049471325,0.10578076,0.00049471325,0.00049471325,0.0059284284,0.008243051,0.010363456,0.032565407,0.0066709053,PCM,PCM,0.0234,0.8117,0.1648
17.621206,26.755804,30.568956,3.917375,2.3433237,2.2188518,0.62422,0.16786389,0.15147024,0.30454788,14.396306,0.005595502,0.0058996417,0.0005595502,0.10157074,0.020831414,0.0034043866,0.07867677,0.0041709873,0.015045748,0.08165285,0.0005595502,PCM,PCM,0.0235,0.9678,0.0086
35.865955,23.289175,36.919262,0.05070871,1.4181274,0.005070871,0.07098056,0.07373193,0.15996408,0.3369463,1.2260168,0.005070871,0.0005070871,0.0005070871,0.028426442,0.002440049,0.0005070871,0.0019098237,0.007726597,0.0040165316,0.0005070871,0.0005070871,PCM,PCM,0.0051,0.8838,0.1111
30.442554,33.08394,31.053757,0.12933624,0.91494393,0.8789132,0.16732457,0.11899892,0.18240874,0.35680574,2.034043,0.0053434535,0.00053434534,0.00053434534,0.046572104,0.0042628,0.00053434534,0.004207924,0.008376237,0.0050120982,0.00053434534,0.00053434534,PCM,PCM,0.0057,0.9697,0.0246
27.941235,45.023624,14.250478,0.7963661,4.9588037,2.7889273,0.37096316,0.39047468,0.0057581184,0.32790577,2.4415164,0.0057581184,0.00057581184,0.00057581184,0.042961854,0.0045936033,0.0027622366,0.015772065,0.006690789,0.005881142,0.00057581184,0.00057581184,PCM,PCM,0.0137,0.864,0.1224
22.975233,46.796074,25.416193,0.095059976,1.0862718,0.8694234,0.15110967,0.13526653,0.14189345,0.23337705,1.4325882,0.005581727,0.00055817264,0.00055817264,0.036356244,0.004028801,0.0013714636,0.015161503,0.002814604,0.0033740504,0.011624363,0.00055817264,PCM,PCM,0.0076,0.9742,0.0181
26.071005,17.01783,41.82931,1.2890733,2.9317682,0.78637993,0.5264064,0.79157907,1.09167,0.74294114,6.0569544,0.0050996654,0.0005099666,0.0005099666,0.22734155,0.0034871274,0.0005099666,0.0005099666,0.050256506,0.018123876,0.0005099666,0.008313906,PCM,PCM,0.007,0.8243,0.1687
11.70098,66.75934,6.6223426,1.0940524,2.0507586,3.6584933,0.51333374,0.7165149,0.42446795,0.006324436,5.44188,0.006324436,0.035132438,0.0006324436,0.0105517,0.0065670153,0.008953723,0.054640472,0.016014917,0.030452209,0.14713882,0.0006324436,PCM,PCM,0.1528,0.8245,0.0227
31.970427,6.358339,53.505405,0.4979375,2.328914,0.004613837,0.5000875,0.14332996,1.0422841,0.60472536,2.3738809,0.004613837,0.007768869,0.0004613837,0.07389825,0.0004613837,0.0004613837,0.005423707,0.0004613837,0.037218444,0.031278543,0.011015073,PCM,PCM,0.0225,0.7986,0.1789
21.662043,35.925865,32.392395,0.9119008,2.121669,0.90601015,0.4311395,0.11748523,0.16954416,0.46640223,3.7357595,0.005371218,0.506304,0.00053712184,0.045021825,0.0054412056,0.00053712184,0.00527191,0.0025906954,0.013826898,0.00053712184,0.00053712184,PCM,PCM,0.009,0.9263,0.0647
28.488012,17.413326,42.08194,0.80797535,2.787064,0.96549237,0.5311168,0.2637118,0.28631717,0.30850673,5.3664927,0.0050191223,0.006555679,0.00050191226,0.05352605,0.018558506,0.00050191226,0.007504052,0.00902324,0.018569969,0.041262574,0.00050191226,PCM,PCM,0.0148,0.9593,0.0259
20.528805,36.809612,31.022095,0.62868166,2.0571256,1.9001422,0.40742752,0.4371766,0.561667,0.30079395,4.5387526,0.005466649,0.007828425,0.0005466649,0.030353246,0.02235919,0.0056925607,0.033378877,0.01995521,0.03350067,0.04725051,0.0005466649,PCM,PCM,0.0096,0.926,0.0644
31.21131,13.014442,46.42621,1.2964537,3.9948459,0.6904479,0.5734292,0.100767106,0.16532806,0.5440896,1.3270347,0.0126285525,0.099031486,0.00047103703,0.02508526,0.00047103703,0.00047103703,0.0029567492,0.00047103703,0.01021112,0.00047103703,0.00047103703,PCM,PCM,0.0069,0.6171,0.376
29.956438,9.530314,50.10622,1.1773181,5.1985903,0.004599661,0.9042549,0.09244101,0.8745694,0.41762826,1.1507183,0.004599661,0.009265046,0.0004599661,0.01823362,0.0004599661,0.0004599661,0.0077168476,0.0004599661,0.05162934,0.0004599661,0.0004599661,PCM,PCM,0.0112,0.8961,0.0927
24.735645,49.35222,10.335334,0.27615055,0.8905238,2.945465,0.30960366,0.40299487,0.3166258,0.0061610206,7.0194483,0.0061610206,2.6074731,0.031191463,0.046379108,0.0013262761,0.008145683,0.003937653,0.00844216,0.004944227,0.03319854,0.0006161021,PCM,PCM,0.008,0.9797,0.0122
18.38003,66.62857,1.456738,0.28289092,0.87809986,4.0093064,0.2731045,0.4946288,0.35683286,0.0064689605,6.108242,0.0064689605,0.34163964,0.012664836,0.009065974,0.0009829878,0.012034501,0.0026578703,0.0118424585,0.0041126274,0.03532892,0.0006468961,PCM,PCM,0.0085,0.9432,0.0482
38.38608,15.692436,41.417202,0.17498647,1.2998654,0.004916798,0.20683968,0.25504854,0.15848184,0.3418383,1.4322941,0.004916798,0.00049167976,0.00049167976,0.069759965,0.00049167976,0.00049167976,0.012008613,0.017570771,0.0054830364,0.00049167976,0.00203791,PCM,PCM,0.0077,0.9638,0.0285
30.885395,7.9101553,53.403355,0.5434686,2.1296074,0.0046179704,0.43197694,0.6795702,0.41980729,1.3852314,1.6284662,0.0046179704,0.00046179706,0.00046179706,0.012450683,0.00046179706,0.00046179706,0.006324543,0.021716977,0.0065455344,0.00046179706,0.0058187195,PDLC,PDLC,0.0052,0.0497,0.9451
41.254143,4.8495207,49.00789,0.18685427,1.2504426,0.00465828,0.039402086,0.23696725,0.06894788,0.70587325,1.8542198,0.00465828,0.00046582796,0.00046582796,0.036310233,0.00046582796,0.00046582796,0.00046582796,0.0044425847,0.00046582796,0.00046582796,0.0037585457,PDLC,PDLC,0.0048,0.0145,0.9807
28.620293,14.645495,46.240337,1.0647446,2.023545,0.9671412,0.50595886,0.48549867,0.20299664,0.99871796,3.6426902,0.0048709633,0.00048709632,0.00048709632,0.016773557,0.00048709632,0.00048709632,0.006837805,0.021037878,0.005482689,0.00048709632,0.007375761,PDLC,PDLC,0.0044,0.0085,0.9871
15.292464,42.566036,27.14772,0.30659184,0.7930112,0.005854279,0.14870143,0.18920277,0.005854279,0.20243852,12.66797,0.005854279,0.00058542786,0.00058542786,0.00058542786,0.011861121,0.00058542786,0.020779282,0.003272913,0.00058542786,0.00058542786,0.0019411811,PDLC,PDLC,0.0078,0.0063,0.9859
41.57603,9.401288,45.287865,0.091167994,0.86774385,0.004775892,0.004775892,0.19426037,0.004775892,0.42380115,1.6197581,0.004775892,0.0004775892,0.0004775892,0.00643823,0.0004775892,0.0004775892,0.0004775892,0.006387122,0.0004775892,0.0004775892,0.0018211469,PDLC,PDLC,0.0044,0.0046,0.991
34.452736,24.10522,38.76441,0.05230629,0.8324431,0.005035855,0.005035855,0.07795701,0.061388753,0.30275562,0.6745133,0.005035855,0.11966356,0.001771561,0.0005035855,0.0005035855,0.0005035855,0.0025288474,0.0041954415,0.0005035855,0.0005035855,0.0022264072,PDLC,PDLC,0.005,0.0063,0.9887
20.833395,47.29316,24.937523,0.79154015,0.9452688,0.0056518433,0.23338991,0.40227777,0.053587224,0.32783213,3.530669,0.0056518433,0.00056518434,0.00056518434,0.00056518434,0.0014313719,0.00056518434,0.01664204,0.0065053445,0.0032397227,0.00056518434,0.0046226736,PDLC,PDLC,0.0053,0.0034,0.9913
13.955136,8.065872,38.721123,0.38627625,1.665721,0.005979728,0.050131954,0.38301638,0.005979728,0.3919323,35.684555,0.005979728,0.0005979728,0.0005979728,0.013328723,0.0005979728,0.0005979728,0.0005979728,0.013699938,0.0005979728,0.0005979728,0.0005979728,PDLC,PDLC,0.0054,0.0044,0.9902
46.613586,2.4003754,46.652813,0.33336815,2.3135803,0.0046048183,0.20428582,0.09100545,0.0046048183,0.33290085,0.53407484,0.0046048183,0.00046048182,0.0036624435,0.00046048182,0.00046048182,0.00046048182,0.015871435,0.0043915985,0.00046048182,0.00046048182,0.00046048182,PDLC,PDLC,0.0086,0.0144,0.977
36.723183,15.785355,41.73894,0.41468665,1.1005287,0.004947843,0.21999742,0.56820554,0.109364994,0.39024356,2.2728448,0.004947843,0.006618303,0.0004947843,0.03295392,0.0004947843,0.0004947843,0.0047998936,0.018929198,0.0034549816,0.037758242,0.0033906193,PDLC,PDLC,0.0089,0.0047,0.9865
6.4030213,7.2522073,3.2522361,4.908487,45.35573,2.55198,25.529552,0.649386,0.0050658667,0.2904329,2.1118891,0.0050658667,0.33641705,0.14442912,0.0005065867,0.0005065867,0.0005065867,0.0005065867,0.059363894,0.042079166,0.0005065867,0.0005065867,PDLC,PDLC,0.3938,0.012,0.5942
26.362215,15.145274,37.87542,2.4641483,2.3897119,1.2018763,1.955678,0.840435,0.23913209,1.1271979,9.118885,0.005262146,0.00052621454,0.00052621454,0.067917235,0.00052621454,0.00052621454,0.4954056,0.038994238,0.0078424895,0.06659586,0.009596618,PDLC,PDLC,0.4507,0.037,0.5124
26.546463,22.896141,40.99334,1.085283,3.4704645,0.0049934234,0.60788745,0.4952009,0.2724024,0.9092571,2.1479456,0.0049934234,0.00049934234,0.00049934234,0.00049934234,0.00049934234,0.00049934234,0.009688222,0.018337246,0.004891942,0.00049934234,0.0059054582,PDLC,PDLC,0.0046,0.0065,0.9889
33.635227,18.841925,42.534363,0.15291749,0.79414064,0.004972145,0.042180978,0.31671235,0.12346911,0.28964972,2.7186756,0.004972145,0.0004972145,0.0004972145,0.0037164,0.0010703482,0.0004972145,0.0004972145,0.0058320123,0.0004972145,0.0004972145,0.0018410264,PDLC,PDLC,0.0046,0.0133,0.9821
37.0242,4.906261,47.036293,0.06569862,0.7409609,0.004932782,0.004932782,0.28576273,0.05722732,0.37226397,8.935185,0.004932782,0.0004932782,0.0004932782,0.023043616,0.0004932782,0.0004932782,0.0004932782,0.007840628,0.0004932782,0.0004932782,0.0034893402,PDLC,PDLC,0.0045,0.0041,0.9914
36.31272,20.218592,40.11759,0.24989787,1.010488,0.004966972,0.14376184,0.2310871,0.062499095,0.35784054,0.735818,0.004966972,0.0004966972,0.0004966972,0.012596095,0.0004966972,0.0004966972,0.0012471282,0.004573639,0.0004966972,0.0004966972,0.0018940098,PDLC,PDLC,0.0045,0.0049,0.9906
45.115463,1.7395612,49.828423,0.0788633,0.8161232,0.0045886706,0.0045886706,0.058188792,0.0045886706,0.28990275,1.4730253,0.0045886706,0.06462815,0.00045886706,0.022661008,0.00045886706,0.00045886706,0.00045886706,0.001509034,0.00045886706,0.00045886706,0.008977006,PDLC,PDLC,0.0058,0.0114,0.9828
44.08735,4.206691,47.74412,0.04669575,1.0337609,0.004669575,0.004669575,0.27188054,0.004669575,0.35437617,1.7153968,0.004669575,0.00046695748,0.00046695748,0.019445656,0.00046695748,0.00046695748,0.00046695748,0.005374741,0.00046695748,0.00046695748,0.0031225123,PDLC,PDLC,0.0045,0.0052,0.9903
23.727703,39.827656,32.592922,0.09955233,0.64856654,0.005373144,0.005373144,0.07397376,0.0469367,0.2668178,2.0718043,0.005373144,0.045828916,0.0013149328,0.0040161246,0.00053731445,0.00053731445,0.0026982236,0.00053731445,0.00053731445,0.00053731445,0.002820938,PDLC,PDLC,0.0058,0.0056,0.9886
22.90505,50.14857,24.720247,0.15434521,0.70565623,0.005591308,0.049805306,0.08632203,0.06936726,0.17022543,0.37826058,0.005591308,0.0032555694,0.0005591308,0.0005591308,0.0005591308,0.0005591308,0.0010210105,0.0005591308,0.0005591308,0.0005591308,0.0032753726,PDLC,PDLC,0.0059,0.011,0.983
35.518166,13.320271,39.22209,1.3379083,2.900243,0.00497718,2.628922,0.62366825,0.31411478,0.63473505,2.3912213,0.00497718,0.37039447,0.00049771805,0.00049771805,0.00049771805,0.00049771805,0.112074606,0.017404636,0.004097939,0.041896313,0.00049771805,PDLC,CT,0.6852,0.0121,0.3027
37.46995,16.427902,41.869347,0.31713647,0.66119325,0.0049356287,0.107387304,0.24674535,0.14378063,0.4954044,1.6482146,0.0049356287,0.0029514665,0.0004935629,0.005270152,0.0004935629,0.0004935629,0.032953013,0.005789181,0.0004935629,0.023109367,0.005264307,PDLC,PDLC,0.0076,0.0051,0.9873
15.007342,32.441746,24.048634,1.1191617,2.0077052,0.0061197896,1.0844539,0.7263151,0.0061197896,0.6873523,21.998257,0.0061197896,0.023209473,0.00061197893,0.017316613,0.00061197893,0.00061197893,0.058948897,0.06822575,0.004464672,0.00061197893,0.010991609,PDLC,PDLC,0.0096,0.0031,0.9873
32.96999,32.013634,28.995422,0.17411132,0.49659753,1.4421947,0.056977622,0.33461955,0.18757167,0.11939823,2.4808078,0.005398461,0.00053984614,0.00053984614,0.13380505,0.009570407,0.00053984614,0.00053984614,0.0024854795,0.0068078563,0.00053984614,0.0016110357,PCM,PCM,0.0045,0.9916,0.0039
37.173206,18.882828,39.877686,0.16187695,0.9893402,0.0049853744,0.091179185,0.18642949,0.19973989,0.22090743,1.5212779,0.0049853744,0.00049853744,0.00049853744,0.13008739,0.00049853744,0.00049853744,0.006543233,0.0052463817,0.006598672,0.00049853744,0.002148987,PCM,PCM,0.0049,0.9902,0.0049
43.584175,5.782319,47.90446,0.1595627,0.81321925,0.0046505276,0.0046505276,0.058681738,0.12744173,0.17494485,0.73182625,0.0046505276,0.00046505278,0.00046505278,0.1407163,0.00046505278,0.00046505278,0.0009553698,0.0017332933,0.004265205,0.00046505278,0.00046505278,PCM,PCM,0.0047,0.9876,0.0077
31.478243,38.555996,25.152685,0.5642044,1.2115954,1.085973,0.27766797,0.12314763,0.1724451,0.005463121,0.70669866,0.005463121,0.0005463121,0.004261535,0.042729624,0.0010376824,0.0005463121,0.017582744,0.010540091,0.0043841614,0.0005463121,0.0005463121,PCM,PCM,0.0089,0.9699,0.0212
31.061947,13.51799,47.452415,0.5676312,2.0792637,0.004800384,0.5943287,0.646543,0.004800384,1.0543193,2.4470825,0.004800384,0.00048003838,0.00048003838,0.011468844,0.00048003838,0.00048003838,0.00048003838,0.026153104,0.0033019837,0.00048003838,0.0059955055,PDLC,PDLC,0.0044,0.0027,0.9929
24.321722,10.801069,40.688324,0.8896437,2.5492508,0.005404961,0.50100875,0.6805461,0.09697566,0.6925119,18.042862,0.005404961,0.043038275,0.0005404961,0.042130444,0.007597101,0.0005404961,0.0005404961,0.0088874,0.003717847,0.0005404961,0.012724583,PDLC,PDLC,0.005,0.0033,0.9918
28.070267,52.11286,13.220759,0.24287459,0.9716848,2.4109976,0.11327162,0.43350083,0.2081283,0.12261811,1.3441039,0.005903381,0.0005903381,0.0005903381,0.09400087,0.0005903381,0.0005903381,0.0044467375,0.0025238078,0.0095979925,0.0005903381,0.0018922138,PCM,PCM,0.0045,0.9913,0.0042
38.353863,1.876932,49.382324,0.047687385,1.8340474,0.0047687385,0.22202869,0.57344013,0.0047687385,0.724904,6.3402147,0.0047687385,0.025965182,0.00047687383,0.06396762,0.00047687383,0.00047687383,0.00047687383,0.009304957,0.004870624,0.00047687383,0.010778746,PDLC,PDLC,0.0057,0.0086,0.9857
12.148997,15.476874,31.703852,0.97842914,1.0918552,0.0062449607,0.1374334,0.41070333,0.0062449607,0.3647578,36.93557,0.0062449607,0.0006244961,0.0006244961,0.033674546,0.0006244961,0.0006244961,0.002138197,0.005476595,0.0048814183,0.0006244961,0.0006244961,PDLC,PDLC,0.0085,0.0298,0.9617
39.45571,40.95086,14.817119,0.3656561,1.4092351,0.0057409084,0.13794337,0.1640705,0.0057409084,0.08148301,1.830059,0.0057409084,0.14301227,0.0033367164,0.0005740908,0.0005740908,0.0005740908,0.0005740908,0.020075306,0.0005740908,0.0005740908,0.0005740908,PDLC,PDLC,0.005,0.0042,0.9908
21.561857,36.765034,28.63073,0.5554126,0.95769906,0.005674483,0.17046952,0.18042834,0.052242402,0.4227815,10.017858,0.005674483,0.0005674483,0.0005674483,0.03938404,0.011209423,0.0005674483,0.0005674483,0.0074022566,0.0005674483,0.0005674483,0.0031045803,PDLC,PDLC,0.0055,0.0077,0.9868
15.331941,15.21401,36.016808,0.55203855,1.0764258,0.005941039,0.12540843,0.34491712,0.005941039,0.51805276,30.065306,0.005941039,0.0005941039,0.0005941039,0.091745846,0.0005941039,0.002293891,0.0017629196,0.0076197223,0.0005941039,0.0005941039,0.0005941039,PDLC,PDLC,0.0085,0.0478,0.9437
34.582794,20.179472,35.671543,2.3667724,1.1131225,1.12973,0.97151285,0.70429677,0.17812638,0.4270937,1.9506696,0.005086387,0.12310552,0.0005086387,0.01500349,0.0005086387,0.0005086387,0.02211725,0.014273821,0.0005086387,0.0005086387,0.005312667,PDLC,PDLC,0.0072,0.0051,0.9877
28.227165,26.974785,28.081642,0.9018116,5.4334207,0.9129314,0.1629658,0.30928153,0.005442786,0.7082447,7.6207776,0.005442786,0.0005442786,0.0005442786,0.015328313,0.0005442786,0.0005442786,0.0005442786,0.043674026,0.0040274914,0.0005442786,0.008843211,PDLC,PDLC,0.0044,0.0034,0.9922
19.029114,57.42453,18.811283,0.25403082,0.9035939,0.0058549447,0.08531583,0.3316012,0.049996093,0.29626048,2.1468656,0.0058549447,0.0046068556,0.0005854945,0.008049162,0.0005854945,0.0005854945,0.0005854945,0.018548617,0.0005854945,0.0005854945,0.0027179627,PDLC,PDLC,0.0044,0.0031,0.9925
26.103012,42.040234,20.980791,0.5051786,1.0504593,0.005749387,3.3016157,0.31733516,0.10868557,0.15071188,4.625351,0.005749387,0.018909482,0.0005749387,0.049112517,0.0005749387,0.0005749387,0.059842974,0.006617619,0.0055726217,0.04144683,0.0005749387,CT,CT,0.9928,0.003,0.0042
15.034803,67.27264,12.186102,0.359843,0.73046,0.00609433,1.4001844,0.18626621,0.15001942,0.113691434,1.835447,0.00609433,0.0116044115,0.0024235635,0.022125114,0.0011575762,0.000609433,0.016762538,0.0026054422,0.00603399,0.015132648,0.000609433,CT,CT,0.9278,0.0434,0.0287
30.201862,35.645115,26.183584,0.22925228,0.8288493,0.005534509,2.1480436,0.21043321,0.16578974,0.14603713,3.524564,0.005534509,0.016112488,0.0005534509,0.04949309,0.0005534509,0.0005534509,0.034551203,0.0030941416,0.0058834804,0.010760314,0.0032726857,CT,CT,0.9898,0.0049,0.0053
27.64902,43.040386,20.632647,0.25072417,0.72092575,0.0057456875,2.4884887,0.24222946,0.10703658,0.12586235,4.005777,0.0057456875,0.00931303,0.00057456875,0.046626866,0.00057456875,0.00057456875,0.033180986,0.006235454,0.004670804,0.01928757,0.0016511509,CT,CT,0.9888,0.0039,0.0073
27.358713,43.535305,19.968716,0.3651101,0.78028435,0.0057747555,2.8314717,0.38617405,0.16924562,0.12483317,3.5568855,0.0057747555,0.014176532,0.002561455,0.04162153,0.0005774756,0.0005774756,0.104660034,0.0074064545,0.00559721,0.11488118,0.0017871584,CT,CT,0.991,0.0047,0.0043
28.691374,45.81464,15.1439905,0.45186037,1.1978304,0.0058984705,2.7895505,0.26160932,0.09251458,0.14928816,4.6212873,0.0058984705,0.018657234,0.00058984704,0.058495015,0.0011203741,0.00058984704,0.03345743,0.0031036413,0.003688465,0.00058984704,0.0030315432,CT,CT,0.9845,0.004,0.0115
24.325583,51.496437,17.448153,0.4352746,0.83105785,0.005831552,2.1313581,0.16166607,0.12328887,0.16486618,2.1670046,0.005831552,0.0024777625,0.0005831552,0.040941197,0.00081228645,0.0005831552,0.014575552,0.007671076,0.0063208067,0.014947253,0.0005831552,CT,CT,0.9899,0.0049,0.0052
4.0402374,85.755585,0.14297,2.7086425,0.8640489,1.1131356,0.13360843,0.5878874,0.08409185,0.0065702563,3.70838,0.0065702563,0.0006570256,0.0006570256,0.0006570256,0.0047423053,0.002459964,0.0065987506,0.013324316,0.0006570256,0.1138181,0.0006570256,CT,PDLC,0.057,0.1694,0.7736
21.269129,52.75178,20.069708,0.19065002,0.6379816,0.005799089,1.6625463,0.18027125,0.16529144,0.09970739,2.2317848,0.005799089,0.019437982,0.004257514,0.025852162,0.002423294,0.0005799089,0.026341444,0.003369198,0.005741672,0.03264178,0.0005799089,CT,CT,0.9726,0.0177,0.0097
12.261176,73.55885,8.9100895,0.27274185,0.7461295,0.006227994,1.160348,0.16328853,0.14132859,0.11822121,1.870796,0.006227994,0.010486819,0.002857752,0.02360789,0.0008675075,0.0006227994,0.013434043,0.0022529576,0.0066856006,0.017550671,0.0006227994,CT,CT,0.582,0.3266,0.0913
7.262054,83.6944,2.6433907,0.52946854,2.4920783,0.0063911,1.234271,0.08745421,0.06824935,0.0063911,1.2270638,0.0063911,0.0040229755,0.002737088,0.04231048,0.00063911005,0.00063911005,0.010065873,0.0044838027,0.0057949526,0.00063911005,0.00063911005,CT,CT,0.9297,0.0376,0.0328
3.4611928,84.31621,0.49414846,0.3446216,1.3291204,0.0067042285,0.80678916,0.11106719,0.036849435,0.07426794,8.144476,0.0067042285,0.0037980713,0.002255935,0.061295703,0.00067042286,0.00067042286,0.026780188,0.0030131696,0.006567978,0.057263963,0.0022600605,CT,CT,0.6043,0.2556,0.1401
27.925175,38.296505,26.027925,0.42145804,2.4251528,0.80782765,0.8875228,0.24236363,0.062226485,0.1833165,2.0235744,0.005474856,0.0005474856,0.001842258,0.09192719,0.0005474856,0.0005474856,0.0044363705,0.0069618006,0.0039941627,0.0005474856,0.0022087013,CT,PCM,0.057,0.5925,0.3505
23.898869,42.568752,20.665037,0.33916375,2.0326412,0.0058054402,2.1736722,0.19478007,0.03943077,0.08228728,7.2379584,0.0058054402,0.0028321005,0.003196633,0.06609595,0.0011762172,0.00058054406,0.016100457,0.00058054406,0.00058054406,0.049037434,0.00058054406,CT,CT,0.9885,0.0059,0.0056
21.327358,41.195004,23.205439,0.33642384,1.6731426,0.0058081574,2.1186051,0.29509765,0.080152616,0.110922,8.84947,0.0058081574,0.0005808157,0.0037311504,0.081553906,0.0023535353,0.0005808157,0.020814441,0.0005808157,0.0005808157,0.070207104,0.0005808157,CT,CT,0.9865,0.0085,0.005
25.947811,40.883217,23.53825,0.30699953,1.7266803,0.0056598075,1.4352169,0.1203686,0.18020901,0.17231086,4.9752994,0.0056598075,0.0077487687,0.005367208,0.035127338,0.0072386134,0.00056598074,0.012208441,0.00056598074,0.007314394,0.02027689,0.00056598074,CT,CT,0.9563,0.029,0.0147
26.251358,41.039783,24.682878,0.42932138,1.4281423,0.0055634775,2.588923,0.20560703,0.15169546,0.2180623,2.330494,0.0055634775,0.0029767135,0.0018720786,0.02948,0.0005563477,0.0005563477,0.017080294,0.0038421806,0.0053344443,0.011262264,0.0018140103,CT,CT,0.9843,0.006,0.0097
22.950941,38.67979,25.901688,0.65356433,2.955795,1.1311756,3.2720912,0.25805044,0.18521702,0.17423803,3.1120276,0.0055241953,0.0005524195,0.0027882906,0.051981498,0.0005524195,0.0005524195,0.031586643,0.007206209,0.0077724475,0.03515726,0.0022591348,CT,CT,0.975,0.017,0.008
9.261421,77.31172,4.9693804,0.54802126,1.5560308,0.006370399,1.984968,0.30769348,0.061525587,0.15731196,3.0125504,0.006370399,0.005413426,0.0044820798,0.031374995,0.00063703995,0.00063703995,0.03489833,0.0019553099,0.009295007,0.059051324,0.00063703995,CT,CT,0.9915,0.0036,0.005
39.376034,9.413779,38.878994,0.19140173,0.88405347,0.004984841,7.920671,0.15193939,0.15000905,0.46554327,1.7784578,0.004984841,0.003608452,0.0016773709,0.032002732,0.03257117,0.0004984841,0.15133163,0.0025682664,0.006857728,0.023085698,0.0020385645,CT,CT,0.9817,0.0081,0.0103
39.894478,5.268547,46.55647,0.59604865,1.1455653,0.00477375,1.6015729,0.3050724,0.23024426,0.5343339,3.194382,0.00477375,0.007512274,0.00047737497,0.08353202,0.0025993243,0.00047737497,0.018905401,0.007954156,0.007263861,0.020613367,0.0033768443,CT,CT,0.9123,0.0517,0.0361
39.851944,8.567833,40.882298,0.4366474,1.2736338,0.00492746,4.935329,0.19157256,0.25216696,0.2977552,2.5311854,0.00492746,0.048463516,0.0032407586,0.0366327,0.000492746,0.000492746,0.110111475,0.0027547628,0.00944922,0.03552163,0.000492746,CT,CT,0.9906,0.0048,0.0046
32.057026,20.62813,36.05702,0.24701706,0.7654621,0.0052446136,3.4015791,0.3548855,0.22598107,0.338001,5.1904254,0.0052446136,0.020055411,0.0024065222,0.06475091,0.0005244614,0.0005244614,0.018375902,0.002012206,0.010440034,0.040290304,0.006434398,CT,CT,0.9893,0.0046,0.0061
38.825195,11.574806,42.719116,0.29700312,1.1184634,0.0048655695,2.5966783,0.0744061,0.2038225,0.23178737,1.7446176,0.0048655695,0.0074270647,0.0026046946,0.058252797,0.002402872,0.00048655696,0.008607205,0.0017067683,0.01151104,0.00048655696,0.00048655696,CT,CT,0.9448,0.0464,0.0089
29.980024,8.358016,38.34709,0.14748913,0.814715,0.005106373,16.886019,0.52624434,0.14955653,0.3811415,3.535737,0.005106373,0.10856246,0.014761465,0.048526973,0.003815021,0.0005106373,0.059152804,0.007332883,0.020489356,0.048970316,0.010469547,CT,CT,0.9877,0.0051,0.0072
37.72759,14.574071,38.392548,0.30120674,1.6517272,0.0050295247,3.0493643,0.20531246,0.14187561,0.40839013,2.8481278,0.0050295247,0.017412512,0.0005029525,0.057060625,0.0005029525,0.0005029525,0.021984799,0.0005029525,0.018556038,0.02995814,0.0037245445,CT,CT,0.9888,0.0039,0.0073
34.23023,15.389257,38.037045,0.28065673,1.3797148,0.005086407,5.7905188,0.26172146,0.16954026,0.4532142,3.2573225,0.005086407,0.037940342,0.0040454753,0.07732599,0.002833976,0.0005086407,0.023684708,0.008140571,0.009170907,0.032074776,0.0051440317,CT,CT,0.9868,0.0063,0.0069
40.005035,9.563736,43.19002,0.15812337,0.9288308,0.0048557813,2.9061022,0.117166884,0.17872462,0.45928016,1.8139727,0.0048557813,0.0138308685,0.00048557812,0.047506575,0.0009838105,0.00048557812,0.055474058,0.0021823975,0.008046579,0.022205131,0.00397157,CT,CT,0.9832,0.0064,0.0104
36.4507,17.271,38.257465,0.2788155,0.93167204,0.0050416384,3.6578863,0.13155214,0.15914088,0.38687855,1.784638,0.0050416384,0.0071404567,0.0018507085,0.04158635,0.00050416385,0.00050416385,0.056849334,0.0021553966,0.009457998,0.027937718,0.0033155843,CT,CT,0.9904,0.0038,0.0058
37.017334,16.085249,33.076057,0.32556927,0.94425064,0.005205861,8.207693,0.33301327,0.17413503,0.24659657,2.8105776,0.005205861,0.055953216,0.015765684,0.036687415,0.0005205861,0.0005205861,0.06482075,0.0026250724,0.013184202,0.027255617,0.0005205861,CT,CT,0.9905,0.0044,0.0051
32.46793,25.761057,24.247295,0.30170208,1.2126713,0.0055685486,9.65958,0.82003677,0.17205638,0.32760578,4.1225905,0.0055685486,0.0838621,0.010135475,0.030027144,0.0005568549,0.0005568549,0.06851056,0.0070198975,0.012651836,0.074569,0.0005568549,CT,CT,0.9909,0.004,0.0051
2.6655653,87.709404,1.6333393,0.12820964,2.3697243,0.0064935246,2.7922902,1.0031883,0.0064935246,0.0064935246,0.93626755,0.0064935246,0.033619262,0.00064935244,0.00064935244,0.00064935244,0.00064935244,0.003112623,0.00811477,0.00064935244,0.00064935244,0.00064935244,CT,CT,0.8584,0.0132,0.1283
8.170559,58.00587,4.3299155,2.9840407,2.9338691,3.0382686,1.389148,0.5693071,0.006585554,0.006585554,17.742376,0.006585554,0.074098624,0.0006585554,0.022765791,0.0006585554,0.0006585554,0.017963335,0.0038261244,0.004118116,0.0006585554,0.0006585554,CT,CT,0.7777,0.0403,0.1821
4.9844313,7.6613145,27.64225,0.471671,2.2789972,0.006609166,8.873347,0.550085,0.006609166,0.18850283,46.315525,0.006609166,0.01331277,0.0006609166,0.15719727,0.0006609166,0.0006609166,0.11012763,0.0006609166,0.0006609166,0.036142748,0.0006609166,CT,CT,0.9918,0.0033,0.0048
31.064457,45.98527,1.7202779,0.7477542,2.9895318,0.8740568,6.165805,0.3065008,0.006332013,0.42683485,8.669341,0.006332013,0.038163863,0.00063320127,0.17528355,0.00063320127,0.00063320127,0.030424302,0.00063320127,0.0042895344,0.085023165,0.00063320127,CT,CT,0.9918,0.0036,0.0046
22.9777,36.62083,5.786604,2.6778786,2.178385,1.3454473,9.3859625,1.1805671,0.24568412,0.5160593,15.689816,0.025440805,0.13305788,0.00064347766,0.00064347766,0.00064347766,0.00064347766,0.08232578,0.008746737,0.0043591503,0.33033696,0.00064347766,CT,CT,0.9831,0.0041,0.0128
25.867386,47.54786,3.464156,0.9482136,3.006854,1.3211931,5.805068,0.39624882,0.11470714,0.20972255,10.271203,0.006358445,0.031819243,0.00063584454,0.12042703,0.008856783,0.00063584454,0.057183918,0.02348939,0.012193371,0.08982293,0.00063584454,CT,CT,0.9881,0.0074,0.0045
22.422459,46.96748,14.771874,0.98003626,2.2157116,1.5579239,7.7338285,0.4890257,0.18741526,0.00586084,1.6601777,0.00586084,0.008761838,0.000586084,0.03058632,0.000586084,0.000586084,0.13009967,0.007902343,0.007879607,0.1914066,0.0036275992,CT,CT,0.9932,0.0029,0.0039
23.993402,30.51929,16.373848,1.3020822,3.5907917,0.0060746153,5.856203,0.90445995,0.0060746153,0.0872709,16.203217,0.0060746153,0.27263403,0.01142823,0.09056546,0.00060746155,0.00060746155,0.029534195,0.004061996,0.005064817,0.09076757,0.00060746155,CT,CT,0.9933,0.0029,0.0039
10.839354,25.783106,16.023214,1.8488115,2.6605306,1.4835637,25.947084,1.2422328,0.29223105,0.006098662,12.352835,0.006098662,0.11343937,0.012686113,0.03736267,0.0006098662,0.0006098662,0.1889736,0.040713903,0.006483205,0.38671193,0.0006098662,CT,CT,0.9933,0.0029,0.0038
28.699762,42.40027,1.4165299,1.3549583,1.8880605,1.3748058,6.546954,0.30359128,0.12533821,0.006502015,14.648367,0.006502015,0.14570342,0.0006502015,0.012410082,0.0006502015,0.0051731295,0.03903287,0.00933706,0.0050145816,0.15297467,0.0006502015,CT,CT,0.9886,0.0045,0.0069
24.63279,53.543293,3.7537277,1.1879522,1.9802933,2.0466306,7.81369,0.7658384,0.21306896,0.006205923,2.9165447,0.006205923,0.026172966,0.00062059227,0.11679281,0.00062059227,0.00062059227,0.060061887,0.0037416222,0.0055623697,0.09968882,0.00062059227,CT,CT,0.9935,0.0029,0.0036
15.532276,45.446022,14.649362,0.87952375,4.025084,2.9096744,4.8785653,0.79030776,0.1637901,0.006077054,9.497594,0.006077054,0.010137031,0.0037179897,0.06383494,0.005001944,0.00060770544,0.0826041,0.004663178,0.0077902833,0.37671274,0.00060770544,CT,CT,0.9921,0.0042,0.0037
11.178531,24.75777,14.631965,6.0884986,2.6629617,1.0742248,25.442005,6.122224,2.3240821,0.0060370914,3.9089477,0.0060370914,0.009500348,0.012742713,0.08557421,0.00060370914,0.00060370914,0.22695935,0.0074782,0.0078648925,0.6334264,0.00060370914,CT,CT,0.9927,0.0032,0.004
19.580782,18.143751,27.89987,1.1134641,2.6030428,0.74424654,24.474752,0.5681712,0.19194531,0.0054809856,2.095033,0.0054809856,0.032775857,0.007544948,0.05018494,0.0005480985,0.008272653,1.6097033,0.020307958,0.017422622,0.25171903,0.0005480985,CT,CT,0.9932,0.003,0.0037
19.368975,45.24701,4.2251964,1.3487933,1.8796943,1.0138732,10.937812,1.1091624,0.28537622,0.17118098,12.970421,0.0065016258,0.05044065,0.007657161,0.24948846,0.050220862,0.0006501626,0.06552084,0.032927204,0.007860225,0.28429523,0.00492248,CT,CT,0.9905,0.0052,0.0043
27.472769,26.06946,29.527431,0.6860088,2.599679,1.4105146,6.6747885,0.7641661,0.20139858,0.005399814,3.531804,0.005399814,0.0005399814,0.0005399814,0.041009236,0.0005399814,0.0005399814,0.050041646,0.011009881,0.007090949,0.30646,0.0049835253,CT,CT,0.9878,0.006,0.0062
28.223448,14.295417,40.860413,0.63892436,2.3638055,0.7916226,4.4529343,0.7538517,0.12998576,0.005113309,6.25546,0.005113309,0.10122655,0.0005113309,0.108446755,0.0005113309,0.0005113309,0.16923757,0.018497236,0.00842004,0.24239162,0.0005113309,CT,CT,0.9934,0.0028,0.0038
23.35808,55.3603,2.9003172,0.78190005,2.0423796,1.6934744,6.3099117,0.9038904,0.09640159,0.0063366317,5.386903,0.0063366317,0.0757851,0.007947443,0.08280028,0.00063366315,0.00063366315,0.052431613,0.0095858015,0.0049530733,0.23859844,0.00063366315,CT,CT,0.9937,0.0027,0.0036
17.552553,59.33067,2.7903137,2.1810317,1.9649677,2.7224538,6.91436,1.3070481,0.20148285,0.0063279527,3.743968,0.0063279527,0.10207018,0.0032907678,0.020861754,0.0006327953,0.0006327953,0.107897304,0.026567636,0.0063312505,0.2894648,0.0046161357,CT,CT,0.9922,0.0032,0.0046
14.456611,58.21964,3.4789445,1.3724157,2.7680151,3.455012,7.7887535,1.7350234,0.18530592,0.006361088,5.3710155,0.006361088,0.053854927,0.005156587,0.044913583,0.0006361088,0.0067728152,0.09539454,0.021616431,0.00928142,0.22131564,0.0006361088,CT,CT,0.9929,0.0034,0.0037
6.188217,42.865597,4.6658626,0.62626225,2.02433,0.0070597637,8.219715,0.387891,0.0070597637,0.0988443,33.742496,0.0070597637,0.030662745,0.0007059764,0.22840911,0.0007059764,0.0007059764,0.06671404,0.015245697,0.0046353843,0.046215158,0.0007059764,CT,CT,0.9902,0.0041,0.0057
26.982525,20.925106,37.96074,1.2778271,2.270281,1.1918272,2.6955762,0.44579288,0.17212455,0.18062422,5.054108,0.0051518027,0.011836516,0.0061462317,0.11187613,0.0037184886,0.0005151803,0.036160223,0.0077934405,0.007892809,0.08676997,0.0005151803,CT,CT,0.9733,0.0219,0.0048
22.122791,46.24086,3.4269922,4.112166,2.2859669,1.3312525,10.016663,2.3235207,0.566946,0.0062853894,6.210768,0.0062853894,0.014243163,0.00062853895,0.18951303,0.00062853895,0.00062853895,0.043973334,0.0071656634,0.0064851856,0.27159032,0.014554176,CT,CT,0.9914,0.0034,0.0052
11.13977,28.515667,15.767083,1.7009693,1.6788292,1.4429961,30.405943,0.704047,0.161142,0.0059657674,7.3289895,0.0059657674,0.049005926,0.012135929,0.030735781,0.0005965767,0.0005965767,0.042213827,0.006016515,0.00547147,0.22467741,0.0005965767,CT,CT,0.9925,0.0032,0.0043
29.727808,50.73092,1.8787493,1.2498808,2.1500716,1.612616,6.8514633,0.75232786,0.14040378,0.18157135,3.7543142,0.0062357886,0.00637847,0.0100146495,0.070163235,0.00062357885,0.00062357885,0.040494904,0.004648268,0.0055891383,0.059892267,0.006099666,CT,CT,0.991,0.0041,0.005
24.266102,26.067,29.21866,1.936147,2.4837124,1.2369231,3.7858522,0.68275183,0.17430413,0.13546827,9.040572,0.005528892,0.010875767,0.0037208819,0.10980742,0.003010502,0.0005528892,0.04820901,0.008909357,0.0059351316,0.18173319,0.0038499054,CT,CT,0.9907,0.0052,0.0041
13.255878,22.369648,19.528053,0.91778195,1.7186776,0.006132574,21.568977,0.9294885,0.006132574,0.11582021,18.242554,0.006132574,0.31692588,0.016790008,0.10198856,0.0006132574,0.0006132574,0.058302145,0.008201504,0.0031957133,0.17308567,0.0006132574,CT,CT,0.9917,0.0033,0.005
23.081242,32.804344,23.766594,1.4281309,2.1536498,2.2347949,10.353416,0.7721468,0.2535341,0.005564642,1.6693428,0.005564642,0.018301863,0.023490995,0.0315658,0.0005564642,0.0034507187,0.5816772,0.017262932,0.0052775657,0.20276318,0.0035980279,CT,CT,0.9915,0.0041,0.0045
18.6601,53.127907,6.9534035,1.6304038,2.0309503,2.6100943,9.19622,0.82808465,0.2462891,0.0061683673,3.668878,0.0061683673,0.009415724,0.00061683677,0.0380367,0.00061683677,0.00061683677,0.0536441,0.016836835,0.006557306,0.2288939,0.00061683677,CT,CT,0.9932,0.0032,0.0036
27.28061,22.77589,32.230247,2.8467264,2.2086885,1.1599284,3.4947162,0.96578556,0.28204864,0.005323498,5.740265,0.005323498,0.020189516,0.0005323498,0.08938577,0.0005323498,0.0005323498,0.03214027,0.0091619445,0.0072126603,0.22242942,0.0005323498,CT,CT,0.9906,0.0036,0.0058
23.899796,49.20503,4.849106,1.4167374,2.2414644,1.9143145,11.895789,1.027934,0.20687185,0.0061520524,1.9503256,0.0061520524,0.027494773,0.044790104,0.06733247,0.00061520527,0.00061520527,0.3980368,0.037630945,0.007822308,0.08475703,0.00061520527,CT,CT,0.991,0.0048,0.0042
18.249426,34.74654,17.51527,3.1653817,2.9826634,1.9007186,9.688781,1.2167135,0.34719023,0.0059073362,9.025441,0.0059073362,0.00059073366,0.00059073366,0.07214454,0.0023189199,0.00059073366,0.118726544,0.013598841,0.007511152,0.29827037,0.004472534,CT,CT,0.9872,0.0085,0.0042
23.997364,34.30004,17.952623,3.5614543,2.2658732,1.3438758,7.520499,2.395906,0.6780148,0.0058000726,4.6322684,0.0058000726,0.080868416,0.00058000727,0.19686586,0.00058000727,0.00058000727,0.11107648,0.01710317,0.011968883,0.2588134,0.00058000727,CT,CT,0.9931,0.0032,0.0036
20.907007,48.540276,14.732821,1.2579373,2.0509095,3.0196097,5.4189205,0.722907,0.14263985,0.0058789314,2.1774523,0.0058789314,0.0005878931,0.008182667,0.04692348,0.0005878931,0.0005878931,0.10272363,0.012180107,0.0071074106,0.19546495,0.0033139044,CT,CT,0.9895,0.0063,0.0042
33.653145,44.9584,2.2161808,1.996147,2.0976071,1.3618996,6.305182,0.9994782,0.22429757,0.0062132496,4.556383,0.0062132496,0.05230996,0.000621325,0.030683944,0.000621325,0.000621325,0.25407526,0.009058606,0.005763202,0.17110981,0.000621325,CT,CT,0.9935,0.0028,0.0037
8.375996,18.055338,17.959803,2.098236,1.8460093,0.005879169,41.92153,1.7481399,0.48448727,0.005879169,6.3351216,0.005879169,0.14081287,0.011869842,0.079882994,0.0005879169,0.0005879169,0.04723733,0.01482295,0.0005879169,0.22753792,0.0005879169,CT,CT,0.993,0.0032,0.0038
27.071249,44.52265,3.111567,3.3983586,3.8712552,1.5890646,6.607877,1.8118948,0.6105964,0.0062123034,6.1067348,0.0062123034,0.06452208,0.00062123034,0.061441455,0.00062123034,0.00062123034,0.05246638,0.014096584,0.006345031,0.22211032,0.00062123034,CT,CT,0.9933,0.003,0.0037
25.560968,39.177433,19.58464,1.1427433,2.1560535,2.0190036,4.4022584,0.80113,0.13460004,0.0057235355,4.082881,0.0057235355,0.030713588,0.0145320725,0.10664499,0.00057235354,0.00057235354,0.052061833,0.013740401,0.0056072157,0.06389121,0.00057235354,CT,CT,0.9922,0.0039,0.0039
14.644561,20.87923,19.21226,1.0810546,2.6779149,0.0060412423,23.05057,0.9475766,0.0060412423,0.0060412423,16.244555,0.0060412423,0.29689988,0.023654912,0.094341494,0.0006041243,0.0006041243,0.046884786,0.003973456,0.0047221803,0.10087067,0.0006041243,CT,CT,0.9929,0.0032,0.004
29.466513,35.579033,14.174516,1.2783794,3.0036545,0.00578882,11.979035,0.6574054,0.13852167,0.00578882,2.3171864,0.00578882,0.0708731,0.000578882,0.15128413,0.000578882,0.000578882,0.44119766,0.008312893,0.010799361,0.0963609,0.000578882,CT,CT,0.9936,0.0027,0.0037
24.579277,35.019802,21.182447,1.1293645,2.4177876,1.0500567,9.711171,0.862311,0.23951627,0.005669813,2.481235,0.005669813,0.019361556,0.0005669813,0.040638126,0.0005669813,0.0005669813,0.31862772,0.013984346,0.00667732,0.26646015,0.0057027135,CT,CT,0.9932,0.0027,0.0042
17.678675,24.05945,13.838587,0.8615555,1.5662549,0.8365201,31.826086,0.85938436,0.20969605,0.006104192,3.4535224,0.006104192,0.10249541,0.0006104192,0.09336916,0.0006104192,0.013070005,3.306658,0.048847456,0.007443361,0.5365893,0.0006104192,CT,CT,0.9922,0.0039,0.0039
27.693142,33.840683,13.548218,0.78480136,1.9074603,0.0059792614,14.767335,1.0070572,0.25024116,0.0059792614,3.0880806,0.0059792614,0.17332011,0.00059792615,0.062568285,0.00059792615,0.00671607,1.9090372,0.027856553,0.010780742,0.24625866,0.00059792615,CT,CT,0.9938,0.0027,0.0036
21.25968,17.379303,27.06099,1.2546195,3.3509247,0.0054150647,25.047142,0.7202816,0.20069182,0.0054150647,2.0601392,0.0054150647,0.05342973,0.0005415065,0.17259517,0.0005415065,0.0033579636,0.7683187,0.0070638508,0.009311993,0.06624415,0.0005415065,CT,CT,0.9933,0.003,0.0037
28.303537,24.975718,34.479015,1.0902927,2.3019614,0.8961599,3.569581,0.4043765,0.18911517,0.0052047027,2.871184,0.0052047027,0.05176364,0.00052047026,0.1058002,0.00052047026,0.00052047026,0.09088331,0.006504167,0.011391221,0.08451531,0.00052047026,CT,CT,0.993,0.0032,0.0039
29.520716,45.362717,4.108314,1.3958538,3.0054538,1.1396433,6.3419175,1.0619118,0.1410058,0.0062353453,6.7872534,0.0062353453,0.02090027,0.0006235345,0.0006235345,0.0006235345,0.0006235345,0.08447106,0.013602053,0.006758477,0.23542026,0.0054445122,CT,CT,0.9913,0.0027,0.0059
28.627111,46.409966,6.0484447,1.2736474,2.9180696,1.5623676,7.8553424,0.9371902,0.25819063,0.006083602,3.1221423,0.006083602,0.06184507,0.0006083602,0.055783812,0.0006083602,0.0006083602,0.07512505,0.012070639,0.0075450614,0.11393741,0.0046732286,CT,CT,0.9937,0.0027,0.0036
25.58317,29.1097,18.053753,1.0522796,2.8730333,0.005772773,16.878426,1.0565789,0.33123583,0.005772773,2.415685,0.005772773,0.17496555,0.010154006,0.12459056,0.0005772773,0.00567362,1.5002489,0.0087961005,0.014920768,0.15965188,0.0005772773,CT,CT,0.9936,0.0028,0.0036
24.95333,30.950823,28.558838,1.4774929,3.950056,1.6314749,4.6101537,0.61862975,0.14807868,0.005349946,2.2469869,0.005349946,0.005388168,0.0005349946,0.053126715,0.0005349946,0.0005349946,0.04335154,0.0035774217,0.005966068,0.13666068,0.0005349946,CT,CT,0.993,0.0031,0.0039
31.769382,33.36585,13.8002615,1.0561699,3.34016,0.005786194,11.511029,0.679591,0.2358003,0.005786194,3.1389155,0.005786194,0.08140335,0.00057861937,0.11986029,0.00057861937,0.00057861937,0.22023462,0.006850269,0.010131116,0.028692916,0.00057861937,CT,CT,0.9887,0.0065,0.0048
23.834408,34.91625,9.541802,0.8388701,2.5597336,1.0199605,18.934904,1.0863072,0.25030985,0.0061304253,3.628307,0.0061304253,0.2248768,0.0006130425,0.06889589,0.0006130425,0.008894238,2.1254985,0.026880756,0.006453079,0.262707,0.0006130425,CT,CT,0.9938,0.0026,0.0036
25.050148,29.750406,13.735232,1.1358948,3.1378756,0.005862329,21.498766,1.1536787,0.31289843,0.005862329,1.9209375,0.005862329,0.13109195,0.0052902633,0.10946582,0.00058623287,0.0049385466,1.2379001,0.01535886,0.009836737,0.14274833,0.00058623287,CT,CT,0.9938,0.0027,0.0036
20.44339,42.129486,7.795521,1.0202818,2.9707706,1.0808567,19.554102,1.0585803,0.14984098,0.0060822302,2.5126162,0.0060822302,0.024694165,0.000608223,0.02735794,0.000608223,0.002561898,0.2689176,0.01773517,0.00760675,0.25718716,0.000608223,CT,CT,0.9936,0.0028,0.0036
24.435326,34.67139,25.840559,0.781806,2.1946003,1.4257976,6.8817134,0.55158526,0.14332692,0.005506305,1.7009449,0.005506305,0.050430704,0.0005506305,0.11648773,0.0005506305,0.0027058644,0.52819556,0.0074243126,0.0065421443,0.07088871,0.0005506305,CT,CT,0.9934,0.003,0.0037
27.601952,32.45252,18.774782,0.87068677,2.5091863,0.005679393,13.531603,0.7505764,0.22130257,0.005679393,1.8875376,0.005679393,0.05496533,0.0037353,0.124091275,0.0005679393,0.0029902735,0.49858356,0.008404785,0.011009558,0.08213264,0.0005679393,CT,CT,0.9934,0.003,0.0037
25.283228,30.617788,26.49288,1.3872061,3.3347251,1.3000559,4.9161263,0.787152,0.19421007,0.005493309,4.6756816,0.005493309,0.06129034,0.003948998,0.14356129,0.0005493309,0.0005493309,0.07667561,0.031614345,0.0064121997,0.09856195,0.0005493309,CT,CT,0.9931,0.003,0.0039
28.31024,49.956066,1.6652006,0.7340096,1.8845832,1.7095569,7.054688,0.8275992,0.09470974,0.006356658,6.5655303,0.006356658,0.03701198,0.0037918272,0.11352084,0.0021733264,0.0006356658,0.060795244,0.014911918,0.004703728,0.24097256,0.0048127226,CT,CT,0.9928,0.0033,0.0039
26.522303,24.076132,30.112015,1.1547235,1.8853154,0.0055519547,4.000017,0.78140515,0.23050497,0.11692035,10.069374,0.0055519547,0.12397671,0.0036514846,0.059504814,0.0005551955,0.0005551955,0.056900885,0.004868855,0.008853039,0.16405617,0.0005551955,CT,CT,0.9927,0.0032,0.0041
24.768362,37.36659,10.509073,0.7629064,1.9608067,0.9252895,16.41475,1.0057701,0.21067289,0.0060496605,4.895735,0.0060496605,0.058453586,0.004811599,0.057975713,0.0006049661,0.0006049661,0.08250792,0.024404489,0.007124665,0.25083205,0.0006049661,CT,CT,0.9938,0.0026,0.0036
26.117949,30.23808,24.291937,1.915059,2.3724802,0.949469,6.658852,1.1403835,0.25231603,0.00559577,4.7466598,0.00559577,0.114476144,0.0049641277,0.10643032,0.000559577,0.000559577,0.17307164,0.010673331,0.009564422,0.2688072,0.000559577,CT,CT,0.9938,0.0026,0.0036
19.794989,30.681705,20.12855,1.7106568,3.6247067,0.77570987,18.379328,1.2227087,0.23301904,0.005649908,2.5072255,0.005649908,0.009246694,0.0068269,0.044416804,0.0005649908,0.0005649908,0.100527346,0.009723708,0.0044162907,0.15111127,0.0005649908,CT,CT,0.9936,0.0028,0.0036
30.69279,11.172747,44.665855,0.6528077,2.0747204,0.004954786,3.7238162,0.6962185,0.14764565,0.004954786,4.9602866,0.004954786,0.10650926,0.00049547857,0.10601054,0.00049547857,0.00049547857,0.1563568,0.013632939,0.009346704,0.25104055,0.00049547857,CT,CT,0.9928,0.003,0.0043
15.297698,18.477154,22.823517,1.0443428,1.5545691,0.0057292315,33.56728,1.3174348,0.36686334,0.0057292315,2.8901098,0.0057292315,0.09439627,0.00057292316,0.050469726,0.00057292316,0.005496759,1.4537549,0.015952215,0.0072846925,0.40133405,0.00057292316,CT,CT,0.9925,0.0036,0.0039
30.504456,51.755363,2.9387882,0.6566175,1.9684999,2.035156,6.374745,0.6097861,0.13135794,0.006178796,2.0566113,0.006178796,0.010987379,0.003874742,0.02853452,0.0006178796,0.0006178796,0.0919556,0.007789195,0.0042501357,0.14766482,0.0026975677,CT,CT,0.9929,0.003,0.0041
12.862789,18.141716,14.215447,3.5667846,1.6930542,0.005985716,39.037834,4.7703657,2.0559082,0.005985716,2.0457225,0.005985716,0.1376189,0.0005985716,0.033235334,0.0005985716,0.0005985716,0.21184324,0.0059054024,0.008234648,0.4520342,0.0005985716,CT,CT,0.9928,0.0032,0.004
15.987699,37.909187,13.063171,7.678909,2.0836487,1.2577004,9.802253,6.7653394,2.357925,0.005998972,1.8707511,0.005998972,0.0005998972,0.0005998972,0.046360277,0.0005998972,0.0005998972,0.08140582,0.0041429363,0.0071900133,0.29887837,0.0005998972,CT,CT,0.9902,0.0056,0.0042
29.891418,12.305536,38.702236,0.40306664,1.9514847,0.0052572484,5.532192,0.926968,0.28307942,0.0052572484,8.678578,0.0052572484,0.15280487,0.008041065,0.06427537,0.00052572484,0.00052572484,0.15726145,0.008298734,0.006794151,0.33799058,0.00052572484,CT,CT,0.9927,0.0034,0.0039
28.43813,15.054313,39.345905,0.46638528,1.9500754,0.0052482667,3.555721,0.87670296,0.093031,0.1259681,8.861108,0.0052482667,0.13800797,0.0005248267,0.08742208,0.0005248267,0.0005248267,0.093680546,0.022840064,0.00820469,0.29613936,0.0005248267,CT,CT,0.9922,0.0032,0.0046
28.205208,27.221506,30.656998,0.71229935,1.7242017,0.9957706,4.7483068,0.86159796,0.20395611,0.0053833844,3.710482,0.0053833844,0.099626414,0.00053833844,0.044764537,0.00053833844,0.00053833844,0.0551118,0.005960294,0.008079285,0.15942784,0.00053833844,CT,CT,0.9928,0.003,0.0041
33.043015,49.662968,2.1404312,0.637678,2.068448,1.0080247,7.690091,0.4121314,0.11906181,0.13553539,1.8786411,0.0061764224,0.04762608,0.012847866,0.07625518,0.00061764225,0.00061764225,0.1356247,0.0022343018,0.004055389,0.09773076,0.00061764225,CT,CT,0.9926,0.0035,0.004
22.359503,39.275513,18.08731,2.471609,2.3968942,2.2588687,7.9111357,1.2924502,0.30882135,0.0057415976,2.4958909,0.0057415976,0.015269726,0.0005741597,0.03448545,0.0005741597,0.0005741597,0.22037198,0.01818953,0.0063429843,0.225182,0.0066633625,CT,CT,0.9921,0.003,0.0048
24.588501,50.302155,2.723875,0.8357223,1.8250214,1.6814369,7.2325315,1.0887178,0.15864165,0.12943944,8.310359,0.0064037424,0.020960854,0.00064037426,0.027180135,0.00064037426,0.00064037426,0.104804456,0.019795837,0.0048053097,0.22629696,0.003857463,CT,CT,0.9924,0.0029,0.0047
26.796984,34.797062,9.351869,1.0928528,2.4134433,0.842961,15.835329,1.1960117,0.3050205,0.0061684614,2.8605006,0.0061684614,0.09784737,0.00061684614,0.07294596,0.00061684614,0.013712824,3.3093002,0.046521764,0.0056573697,0.3007198,0.00061684614,CT,CT,0.9938,0.0026,0.0036
28.231848,30.130558,10.882961,0.8341295,2.3006036,0.0060722507,19.813524,1.0966763,0.22361788,0.0060722507,2.1876194,0.0060722507,0.16292429,0.005758329,0.09847287,0.00060722505,0.011154389,2.8561478,0.04526364,0.0057589873,0.43884867,0.00060722505,CT,CT,0.9938,0.0026,0.0036
29.453962,39.33768,6.4792657,1.0099738,2.7585392,0.006199456,12.64022,1.286853,0.31202945,0.006199456,2.626318,0.006199456,0.4243797,0.0051203826,0.02954013,0.0006199456,0.0111704515,2.5640502,0.02969791,0.009885531,0.31681192,0.0006199456,CT,CT,0.9929,0.0033,0.0038
28.369133,38.7394,12.986133,0.8230366,3.4073772,0.9574436,10.023533,0.6248774,0.13124575,0.23487645,2.3186598,0.0058545717,0.059977435,0.00058545714,0.19496484,0.00058545714,0.00058545714,0.35687363,0.038827676,0.012020329,0.08803386,0.00058545714,CT,CT,0.992,0.0035,0.0044
34.248142,41.262375,4.408524,0.59638894,1.8787596,0.88103515,7.9842806,1.044702,0.25625265,0.0063123903,2.915941,0.0063123903,0.28608698,0.00063123903,0.01162689,0.00063123903,0.012851077,2.9446054,0.036259014,0.006447256,0.48608115,0.00063123903,CT,CT,0.9928,0.0031,0.0041
25.771538,36.413723,7.9961658,1.2540581,4.2805195,0.82468915,15.033818,1.1120645,0.24236003,0.006124159,3.473153,0.006124159,0.23438068,0.0006124159,0.06972461,0.0006124159,0.010676507,2.2884867,0.02349662,0.007212402,0.23095478,0.0006124159,CT,CT,0.9938,0.0026,0.0036
33.612823,47.185013,5.1142797,1.1478817,2.6416593,1.2618307,5.105099,0.6871975,0.19483438,0.0060667805,2.039316,0.0060667805,0.043725576,0.000606678,0.033442516,0.000606678,0.000606678,0.0560149,0.0048548076,0.004868599,0.19879496,0.000606678,CT,CT,0.9934,0.0029,0.0037
27.068378,30.105059,12.203242,0.7866802,1.9770435,0.0061349957,18.095621,1.054178,0.3178174,0.0061349957,2.947149,0.0061349957,0.19695011,0.0006134996,0.07484299,0.0006134996,0.017729957,3.925851,0.049026705,0.007928499,0.4441428,0.0006134996,CT,CT,0.9937,0.0027,0.0036
28.396833,24.332981,16.424364,0.9757044,3.0753992,0.0059087803,18.62774,1.0759172,0.29461548,0.0059087803,2.0576246,0.0059087803,0.123576134,0.000590878,0.064117864,0.000590878,0.0123750605,3.2813895,0.039640594,0.00560395,0.5651054,0.000590878,CT,CT,0.9938,0.0027,0.0036
27.417913,21.714645,31.07668,1.8110762,6.7105055,0.964665,3.7538822,0.7006605,0.005222441,0.005222441,4.892795,0.005222441,0.06451415,0.00052224414,0.12909374,0.00052224414,0.00052224414,0.108537614,0.011907698,0.008436461,0.069097616,0.00052224414,CT,CT,0.9925,0.003,0.0045
28.995567,23.023514,35.402157,0.94994867,3.025803,1.0878563,4.2818294,0.34776503,0.1212579,0.00512199,1.7701569,0.00512199,0.052069455,0.000512199,0.11498875,0.000512199,0.000512199,0.20237765,0.009769647,0.0070464066,0.05027629,0.000512199,CT,CT,0.9923,0.0033,0.0044
29.368551,37.36321,8.335681,1.5394386,3.8596373,0.92789435,13.773682,0.95011747,0.14420524,0.005943449,2.7130523,0.005943449,0.093716934,0.0005943449,0.01840421,0.0005943449,0.0005943449,0.065457985,0.007166748,0.0044599096,0.1671852,0.0005943449,CT,CT,0.9931,0.0027,0.0042
28.5872,31.983599,12.569792,1.162395,3.3196895,0.006040911,13.877757,0.80037314,0.24665493,0.006040911,2.6980467,0.006040911,0.1436411,0.00060409115,0.05821438,0.00060409115,0.0108847795,3.288167,0.050526347,0.006358854,0.5242084,0.00060409115,CT,CT,0.9938,0.0026,0.0036
31.619394,32.62549,7.87044,1.5862573,3.078162,1.087802,10.808795,1.0191177,0.29805145,0.006263753,3.7318935,0.006263753,0.1480527,0.0006263753,0.0006263753,0.0006263753,0.022939049,4.7380624,0.06694685,0.0006263753,0.55627126,0.0006263753,CT,CT,0.9924,0.003,0.0046
24.755754,33.465523,26.993132,0.6549329,1.9897856,1.3855127,6.1117473,0.3752041,0.12366405,0.0054923226,2.9362214,0.0054923226,0.03293008,0.00054923224,0.1638416,0.00054923224,0.00054923224,0.3447589,0.00800753,0.009788297,0.059870433,0.00054923224,CT,CT,0.993,0.0031,0.0039
28.54778,25.851658,18.214512,1.2023633,3.2684312,0.005707398,17.103682,1.0481906,0.21880862,0.005707398,2.2330854,0.005707398,0.11747831,0.008467691,0.14755653,0.0005707398,0.0040066913,1.1915708,0.023148922,0.011242296,0.1910501,0.0005707398,CT,CT,0.9937,0.0027,0.0036
26.789642,27.052776,13.280379,1.3342768,3.9465315,0.005993683,18.773516,1.2776973,0.32249784,0.005993683,2.5302367,0.005993683,0.16128784,0.0005993683,0.037039522,0.0005993683,0.01500735,3.328334,0.040670104,0.005122272,0.4395862,0.0005993683,CT,CT,0.9937,0.0026,0.0036
22.760412,42.077316,17.584858,1.4083995,3.0888987,1.7254891,7.3821735,0.81674993,0.13130523,0.005736665,2.016179,0.005736665,0.059943117,0.0005736665,0.040428165,0.0005736665,0.0005736665,0.15667471,0.005722578,0.00556029,0.12402357,0.0005736665,CT,CT,0.9937,0.0027,0.0036
20.408606,40.130825,7.3434234,2.041003,6.659665,1.7599072,14.067974,0.54961777,0.0060688704,0.3219083,3.5836165,0.0060688704,0.23990498,0.067761935,0.06407299,0.00060688704,0.007526797,1.6441083,0.024548508,0.0065147853,0.32600346,0.00060688704,CT,CT,0.9837,0.0105,0.0057
29.077988,16.456398,29.777298,1.0528053,3.8592072,0.005380669,13.587539,0.70637655,0.23754711,0.005380669,1.920064,0.005380669,0.071633875,0.0005380669,0.07504871,0.0005380669,0.009821037,2.3247046,0.025952538,0.009981857,0.22544506,0.0005380669,CT,CT,0.9935,0.0028,0.0037
27.007414,18.793715,20.569788,0.8130562,2.816683,0.005638456,24.55594,0.9930053,0.21395186,0.005638456,1.6014245,0.005638456,0.12981243,0.00056384556,0.054938104,0.00056384556,0.008246443,1.7291179,0.010260278,0.005523865,0.087042354,0.00056384556,CT,CT,0.9931,0.0029,0.004
25.948969,33.411144,23.80005,0.8301315,2.1185293,1.0510706,4.7521253,0.8290947,0.18698935,0.005656539,6.027159,0.005656539,0.13120791,0.0005656539,0.10011172,0.0005656539,0.0005656539,0.049322024,0.010355191,0.010375725,0.11034638,0.0005656539,CT,CT,0.9937,0.0027,0.0036
23.825274,36.234737,21.578356,1.3408258,3.5690737,1.5354819,5.289935,0.5876089,0.0056673535,0.0056673535,4.696155,0.0056673535,0.10523836,0.00056673534,0.10885082,0.00056673534,0.00056673534,0.20943724,0.012052382,0.0101593,0.24352328,0.008080559,CT,CT,0.9917,0.0028,0.0055
24.981464,34.29655,22.004284,1.0918393,1.850821,1.2243004,4.8628983,0.8321631,0.20065168,0.1778778,7.3520145,0.005755404,0.09301608,0.0005755404,0.21209618,0.0028423187,0.0005755404,0.061547745,0.015204906,0.010197172,0.091697544,0.005534348,CT,CT,0.9877,0.0082,0.0041
15.997527,28.192122,16.276873,3.1884835,2.1644228,0.0063276254,7.5264287,1.7619846,0.16681717,0.0063276254,23.283894,0.0063276254,0.29404646,0.009194316,0.12634642,0.0006327625,0.0006327625,0.07329993,0.010057722,0.005407663,0.22687851,0.0006327625,CT,CT,0.9933,0.0028,0.0039
25.760065,47.55286,1.6731358,0.6113704,2.2839036,1.5608389,5.8399954,1.2677004,0.006503163,0.1146896,11.92823,0.006503163,0.24571326,0.00944938,0.0689185,0.0006503163,0.0006503163,0.059524503,0.039921198,0.009285392,0.19940887,0.0006503163,CT,CT,0.9932,0.0028,0.0039
22.992485,51.773262,9.48758,0.5797165,2.0272944,1.7122993,6.468211,0.61418086,0.15591684,0.15755184,2.9149091,0.0060817115,0.00060817116,0.00060817116,0.05292539,0.00060817116,0.00060817116,0.19379295,0.011466878,0.0056411917,0.19414712,0.0031593307,CT,CT,0.9897,0.0059,0.0044
24.181606,12.945675,35.87819,2.209365,8.712826,0.6706314,7.5552363,0.641722,0.005110183,0.28923893,4.018967,0.005110183,0.105426766,0.00051101827,0.1851812,0.00051101827,0.0074140336,1.7337995,0.030865896,0.011024573,0.2299638,0.00051101827,CT,CT,0.9894,0.0039,0.0066
30.124516,34.88416,7.752441,1.0623381,3.4916282,0.0062561645,12.484231,0.93619627,0.3158662,0.0062561645,2.933883,0.0062561645,0.3278417,0.00062561646,0.040248144,0.00062561646,0.01551817,4.106777,0.048211914,0.00612902,0.717229,0.00062561646,CT,CT,0.9936,0.0028,0.0036
28.70207,3.139003,50.958725,1.2458787,7.211356,0.65544885,2.3795953,0.39026362,0.0045607295,0.459792,4.2875514,0.0045607295,0.03279913,0.00045607297,0.034028027,0.00045607297,0.00045607297,0.002602562,0.00045607297,0.002804409,0.00045607297,0.00045607297,CT,PDLC,0.4413,0.0085,0.5501
26.785439,23.527336,23.487944,2.1307807,3.23163,1.2886707,3.8970375,1.0239105,0.11592164,0.35640338,13.385271,0.005744436,0.024769071,0.0005744436,0.0930034,0.0005744436,0.0005744436,0.014423372,0.0070527145,0.0005744436,0.015351402,0.0005744436,CT,CT,0.9523,0.0074,0.0403
10.28046,8.418643,29.058563,0.5965247,2.1197398,0.006476323,3.895845,0.40440658,0.006476323,0.13676058,44.137108,0.006476323,0.045760065,0.0006476323,0.09396123,0.009841065,0.0006476323,0.059574485,0.0058214776,0.004184805,0.03206801,0.0006476323,CT,CT,0.9897,0.0043,0.006
5.879729,13.774358,23.98535,0.39452076,2.5954473,0.00669933,6.139855,0.68942904,0.00669933,0.19622818,45.29033,0.00669933,0.01507576,0.00066993304,0.21728428,0.00066993304,0.00066993304,0.05803232,0.008739151,0.00066993304,0.029415978,0.00066993304,CT,CT,0.99,0.0042,0.0057
16.835407,10.19504,37.97313,1.1060537,3.07984,0.0056681717,4.089264,0.50504005,0.0056681717,0.19611204,25.153002,0.0056681717,0.027562162,0.012224109,0.1440458,0.024618948,0.0005668172,0.020442164,0.0040387525,0.0005668172,0.020884695,0.0005668172,CT,CT,0.9847,0.0063,0.0091
3.8995192,3.28854,29.069231,0.604023,2.7827706,0.006756796,4.930954,0.40215832,0.006756796,0.1001902,53.969795,0.006756796,0.0006756796,0.0006756796,0.11642807,0.014117477,0.0006756796,0.07534113,0.0006756796,0.0006756796,0.0006756796,0.0006756796,CT,CT,0.9866,0.0053,0.008
20.894985,3.7037954,31.210758,0.7306639,2.620219,0.005811234,26.078924,1.1023462,0.44398186,0.005811234,7.1010585,0.005811234,0.011522606,0.0005811234,0.021252478,0.0005811234,0.014550523,5.125453,0.023251561,0.0005811234,0.18881327,0.0005811234,CT,CT,0.9909,0.0041,0.005
30.7156,36.616795,18.972301,0.687253,2.1088,1.2853202,5.597132,0.3425347,0.11143817,0.24450918,2.598677,0.005665552,0.012303625,0.0005665552,0.029264683,0.0005665552,0.0005665552,0.04235262,0.0070800767,0.0005665552,0.025825644,0.0005665552,CT,CT,0.9746,0.0041,0.0213
32.355072,49.982395,1.3770498,0.4969025,2.5554414,0.9960562,3.3065922,0.5611651,0.006329239,0.006329239,7.4961443,0.006329239,0.03635433,0.004549927,0.00063292385,0.00063292385,0.00063292385,0.021742763,0.012002963,0.00063292385,0.07272656,0.00063292385,CT,CT,0.9869,0.0036,0.0096
34.145897,10.515626,31.069414,0.26475552,1.5974015,0.7725662,15.4045315,0.6199182,0.19837953,0.18903613,3.5520678,0.005321669,0.14312045,0.015872216,0.008452506,0.015094831,0.0044830833,0.5649035,0.009625487,0.006489164,0.32438427,0.0005321669,CT,CT,0.9847,0.0087,0.0066
23.047144,26.358454,16.454176,0.83171463,1.3103343,1.8861893,21.986479,0.9787911,0.24379906,0.233081,4.5911937,0.005888863,0.29283994,0.03683917,0.01831378,0.00058888627,0.00399628,0.7835239,0.012458898,0.008346903,0.257887,0.00058888627,CT,CT,0.9864,0.0076,0.006
29.13385,12.2006445,28.188839,0.33945674,1.6786764,0.98517936,22.37714,0.517829,0.0053849495,0.322604,2.689823,0.0053849495,0.19346362,0.012025124,0.00053849496,0.00053849496,0.0040323483,0.5736489,0.015052641,0.0037602044,0.17676656,0.00053849496,CT,CT,0.9836,0.0041,0.0123
29.224028,39.12644,12.966257,0.5406065,1.7755225,1.9652729,10.365994,0.4272486,0.107500695,0.18076068,2.4157603,0.0058632763,0.0098727,0.0044839988,0.027077409,0.00058632763,0.00058632763,0.15999879,0.004691958,0.01130491,0.059644632,0.005443661,CT,CT,0.9898,0.0034,0.0068
42.77527,11.137709,26.470676,0.8427251,0.9442436,0.005457032,3.375686,0.14774926,0.005457032,0.11964414,5.8287497,0.005457032,7.4280424,0.0079293065,0.021268165,0.0053899344,0.001532372,0.20403147,0.003469568,0.005687371,0.0741883,0.0005457032,CT,CT,0.9568,0.0205,0.0227
1.9737772,14.026845,0.23488717,18.849106,1.9874043,0.007056639,3.3807707,0.04923888,0.007056639,0.06907895,47.029602,0.007056639,8.34024,0.67738557,0.00070566393,0.0029487924,0.0032200231,0.00070566393,0.00070566393,0.00070566393,0.00070566393,0.00070566393,CT,PDLC,0.3703,0.0091,0.6206
26.421036,12.490799,36.55043,0.47765133,2.6402535,1.0986196,3.6504734,0.6527683,0.23526198,0.26171976,14.46296,0.00543032,0.110236876,0.010963631,0.1506127,0.00054303196,0.00054303196,0.08354338,0.012679318,0.016695615,0.07240163,0.00054303196,CT,CT,0.9868,0.0082,0.005
19.478285,30.86393,11.293954,0.6459714,2.8200357,2.2960086,20.428076,0.8596454,0.13543195,0.006159977,8.987754,0.006159977,0.16295159,0.031468835,0.0006159977,0.0006159977,0.012829081,0.81376094,0.029778894,0.00475079,0.39495084,0.0006159977,CT,CT,0.9905,0.0041,0.0054
17.94188,23.267826,20.131706,0.90693694,2.0486028,0.006183836,11.811439,1.2089401,0.3300587,0.3112374,20.423656,0.006183836,0.13604322,0.008985384,0.233167,0.008613567,0.00061838364,0.35450137,0.05416212,0.0111495955,0.0919943,0.00061838364,CT,CT,0.9805,0.0146,0.005
