id,Site,Yac,Prediction,prediction_score_CT,prediction_score_PCM,prediction_score_PDLC,Original_predictions,Confidence,Uncertainty_threshold_predictions,Entropy
PQ01,Quiruelas,PQ,PDLC,0.0098,0.0933,0.8969,PDLC,0.8969,PDLC,0.5254622935791021
PQ02,Quiruelas,PQ,PDLC,0.0138,0.0879,0.8983,PDLC,0.8983,PDLC,0.5326200228038898
PQ04,Quiruelas,PQ,PDLC,0.0124,0.0876,0.9,PDLC,0.9,PDLC,0.5230706413856299
PQ07,Quiruelas,PQ,PDLC,0.0085,0.398,0.5935,PDLC,0.5935,uncertain,1.0341868971776154
PQ08,Quiruelas,PQ,PDLC,0.0111,0.0809,0.908,PDLC,0.908,PDLC,0.49198395911750226
PQ09,Quiruelas,PQ,PDLC,0.0068,0.0561,0.9372,PDLC,0.9372,PDLC,0.3699073448970521
La01,Quiruelas,PQ,PDLC,0.0087,0.1218,0.8695,PDLC,0.8695,PDLC,0.6049212373819349
LAJB09,Quiruelas,PQ,PDLC,0.014,0.0639,0.9221,PDLC,0.9221,PDLC,0.4476659817906457
PQJB12,Quiruelas,PQ,PDLC,0.0133,0.0314,0.9553,PDLC,0.9553,PDLC,0.3026995776421972
LAJB14,Quiruelas,PQ,PDLC,0.0084,0.0412,0.9505,PDLC,0.9505,PDLC,0.31721981603694754
PQJB13,Quiruelas,PQ,PDLC,0.0095,0.0297,0.9608,PDLC,0.9608,PDLC,0.2699298387565494
LA01,Quiruelas,PQ,PDLC,0.0088,0.1581,0.8331,PDLC,0.8331,PDLC,0.7002778598755071
LA02,Quiruelas,PQ,PDLC,0.0379,0.0436,0.9185,PDLC,0.9185,PDLC,0.4886548054326743
LA03,Quiruelas,PQ,PDLC,0.012,0.1185,0.8695,PDLC,0.8695,PDLC,0.6166139517109119
LA04-1,Quiruelas,PQ,PDLC,0.007,0.0895,0.9034,PDLC,0.9034,PDLC,0.4940555080272874
LA04-2,Quiruelas,PQ,PDLC,0.0119,0.1686,0.8195,PDLC,0.8195,PDLC,0.7444422052030499
LA04-3,Quiruelas,PQ,PDLC,0.0107,0.1097,0.8797,PDLC,0.8797,PDLC,0.5825654690717461
LA05,Quiruelas,PQ,PCM,0.0137,0.6158,0.3705,PCM,0.6158,uncertain,1.0462543346086126
LA06,Quiruelas,PQ,PDLC,0.0095,0.069,0.9215,PDLC,0.9215,PDLC,0.43865589805297717
LA07,Quiruelas,PQ,PDLC,0.0086,0.1888,0.8026,PDLC,0.8026,PDLC,0.7677079321694715
LA08,Quiruelas,PQ,PDLC,0.0064,0.4598,0.5339,PDLC,0.5339,uncertain,1.0454517833526908
LA09,Quiruelas,PQ,PDLC,0.0136,0.1941,0.7923,PDLC,0.7923,PDLC,0.8095134822001628
LA11,Quiruelas,PQ,PDLC,0.0208,0.0621,0.9172,PDLC,0.9172,PDLC,0.47965407398099946
LA12,Quiruelas,PQ,PCM,0.0097,0.6011,0.3893,PCM,0.6011,uncertain,1.0361690261598344
LA13,Quiruelas,PQ,PCM,0.0063,0.6259,0.3679,PCM,0.6259,uncertain,0.9999436968702601
LA14,Quiruelas,PQ,PCM,0.0075,0.5848,0.4077,PCM,0.5848,uncertain,1.0333030944028643
LA15,Quiruelas,PQ,PDLC,0.0089,0.1926,0.7985,PDLC,0.7985,PDLC,0.7775275163547701
LA16,Quiruelas,PQ,PDLC,0.009,0.1089,0.8821,PDLC,0.8821,PDLC,0.5691732150374568
LA17,Quiruelas,PQ,PDLC,0.0119,0.1238,0.8643,PDLC,0.8643,PDLC,0.6310435488083878
LA18,Quiruelas,PQ,PDLC,0.0138,0.2554,0.7309,PDLC,0.7309,uncertain,0.9188035912448633
LA19,Quiruelas,PQ,PDLC,0.0095,0.1467,0.8437,PDLC,0.8437,PDLC,0.676837595977776
PQLR01,Quiruelas,PQ,PDLC,0.0175,0.118,0.8645,PDLC,0.8645,PDLC,0.6475481502171002
PQLR02,Quiruelas,PQ,PDLC,0.0096,0.1432,0.8473,PDLC,0.8473,PDLC,0.6684933125103626
PQLR03,Quiruelas,PQ,PDLC,0.0128,0.0678,0.9194,PDLC,0.9194,PDLC,0.4551848797678359
PQLR04,Quiruelas,PQ,PDLC,0.0083,0.0629,0.9288,PDLC,0.9288,PDLC,0.40736930667982457
PQLR05,Quiruelas,PQ,PDLC,0.0082,0.1057,0.8861,PDLC,0.8861,PDLC,0.5540894588297356
PQLR06,Quiruelas,PQ,PDLC,0.0095,0.1243,0.8662,PDLC,0.8662,PDLC,0.6172275193335539
PQLR07,Quiruelas,PQ,PDLC,0.0098,0.1935,0.7967,PDLC,0.7967,PDLC,0.7851431400744863
PQLR08,Quiruelas,PQ,PDLC,0.0087,0.1225,0.8688,PDLC,0.8688,PDLC,0.6069029046596193
PQLR10,Quiruelas,PQ,PDLC,0.011,0.1168,0.8722,PDLC,0.8722,PDLC,0.6054612896973154
PQLR11,Quiruelas,PQ,PDLC,0.0111,0.0656,0.9233,PDLC,0.9233,PDLC,0.4361923558802798
PQLR12,Quiruelas,PQ,PDLC,0.0071,0.3138,0.6791,PDLC,0.6791,uncertain,0.9545234068565298
PQLR13,Quiruelas,PQ,PDLC,0.0123,0.2212,0.7666,PDLC,0.7666,PDLC,0.8535195372845328
PQLR14,Quiruelas,PQ,PDLC,0.0107,0.3182,0.6712,PDLC,0.6712,uncertain,0.9818199201736697
PQLR15,Quiruelas,PQ,PDLC,0.0088,0.2667,0.7246,PDLC,0.7246,uncertain,0.9054152221788176
PQLR16,Quiruelas,PQ,PDLC,0.0116,0.3645,0.6239,PDLC,0.6239,uncertain,1.0299348955373901
PQLR17,Quiruelas,PQ,PDLC,0.0063,0.412,0.5817,PDLC,0.5817,uncertain,1.027808060917103
PQLR18,Quiruelas,PQ,PDLC,0.0146,0.022,0.9634,PDLC,0.9634,PDLC,0.26199326173956466
PQLR19,Quiruelas,PQ,PCM,0.0137,0.5835,0.4028,PCM,0.5835,uncertain,1.0667111436627437
PQLR20,Quiruelas,PQ,PDLC,0.013,0.065,0.922,PDLC,0.922,PDLC,0.4457943094035537
PQLR21,Quiruelas,PQ,PDLC,0.021,0.0235,0.9556,PDLC,0.9556,PDLC,0.3069315783227585
PQLR22,Quiruelas,PQ,PDLC,0.0059,0.138,0.8561,PDLC,0.8561,PDLC,0.6298855264065607
VH/3C/21,V_Higueras,VdH,PDLC,0.0216,0.0193,0.9591,PDLC,0.9591,PDLC,0.2872101993383867
VH/3C/23,V_Higueras,VdH,PDLC,0.0299,0.0159,0.9542,PDLC,0.9542,PDLC,0.31094339898868095
VH/3C/26,V_Higueras,VdH,PDLC,0.0325,0.0303,0.9372,PDLC,0.9372,PDLC,0.40120542178042434
VH/3C/27,V_Higueras,VdH,PDLC,0.0271,0.0144,0.9585,PDLC,0.9585,PDLC,0.287778856689531
VH/3C/28,V_Higueras,VdH,PDLC,0.0065,0.0257,0.9678,PDLC,0.9678,PDLC,0.22867309578251588
VH/3C/29,V_Higueras,VdH,PCM,0.0114,0.7335,0.2551,PCM,0.7335,uncertain,0.9043233695646687
VH/3C/30,V_Higueras,VdH,PDLC,0.0071,0.0073,0.9856,PDLC,0.9856,PDLC,0.12311864121224719
VH/3C/31,V_Higueras,VdH,PDLC,0.1676,0.0075,0.8249,PDLC,0.8249,PDLC,0.7139131763663045
VH/3C/32,V_Higueras,VdH,PDLC,0.0111,0.3511,0.6378,PDLC,0.6378,uncertain,1.0160727220152381
VH/3C/33,V_Higueras,VdH,PDLC,0.0058,0.0079,0.9863,PDLC,0.9863,PDLC,0.11789441171150095
VH/3C/34,V_Higueras,VdH,PDLC,0.0111,0.0079,0.981,PDLC,0.981,PDLC,0.1543977854167885
VH/3C/35,V_Higueras,VdH,PDLC,0.0067,0.005,0.9882,PDLC,0.9882,PDLC,0.1033931969856488
VH/3C/36,V_Higueras,VdH,PCM,0.0537,0.619,0.3272,PCM,0.619,uncertain,1.1822380684727045
VH/3C/37,V_Higueras,VdH,PDLC,0.0058,0.0159,0.9783,PDLC,0.9783,PDLC,0.16905655293345756
VH/3C/38,V_Higueras,VdH,PDLC,0.0157,0.0049,0.9794,PDLC,0.9794,PDLC,0.1611005339495208
VH/3C/39,V_Higueras,VdH,PDLC,0.0055,0.0069,0.9876,PDLC,0.9876,PDLC,0.10859937913268297
VH/3C/40,V_Higueras,VdH,PDLC,0.0282,0.0218,0.95,PDLC,0.95,PDLC,0.33580440493127756
VH/3C/41,V_Higueras,VdH,PDLC,0.0423,0.0076,0.9501,PDLC,0.9501,PDLC,0.3166893379831506
VH/3C/42,V_Higueras,VdH,PDLC,0.0059,0.0246,0.9695,PDLC,0.9695,PDLC,0.2185060138140361
VH/3C/43,V_Higueras,VdH,PDLC,0.0072,0.1561,0.8367,PDLC,0.8367,PDLC,0.684725409813933
VH/3C/44,V_Higueras,VdH,PDLC,0.007,0.1393,0.8537,PDLC,0.8537,PDLC,0.6410544039862592
VH/3c/45,V_Higueras,VdH,PDLC,0.0163,0.0121,0.9716,PDLC,0.9716,PDLC,0.21425365922825376
VH/3C/49,V_Higueras,VdH,PDLC,0.0054,0.0184,0.9762,PDLC,0.9762,PDLC,0.18066188331880337
VH/3C/50,V_Higueras,VdH,PDLC,0.0136,0.0759,0.9105,PDLC,0.9105,PDLC,0.48981539243705624
VH/3C/51,V_Higueras,VdH,PDLC,0.0151,0.0084,0.9765,PDLC,0.9765,PDLC,0.18276767458633766
VH/3C/52,V_Higueras,VdH,PDLC,0.0075,0.0297,0.9628,PDLC,0.9628,PDLC,0.25627889487330197
VH/3C/53,V_Higueras,VdH,PDLC,0.0185,0.0201,0.9615,PDLC,0.9615,PDLC,0.2743663916018095
VH/3C/56,V_Higueras,VdH,PDLC,0.02,0.0048,0.9752,PDLC,0.9752,PDLC,0.18518178891366263
VH/3C/57,V_Higueras,VdH,PDLC,0.0058,0.0113,0.9829,PDLC,0.9829,PDLC,0.14063351293108772
VH/3C/58,V_Higueras,VdH,PDLC,0.0159,0.0103,0.9738,PDLC,0.9738,PDLC,0.20029133623536452
VH/3C/59,V_Higueras,VdH,PDLC,0.0052,0.0061,0.9887,PDLC,0.9887,PDLC,0.10054136177558867
VH/3C/61,V_Higueras,VdH,PDLC,0.0059,0.0467,0.9473,PDLC,0.9473,PDLC,0.32400278478422084
VH/3C/62,V_Higueras,VdH,PDLC,0.0155,0.2204,0.7642,PDLC,0.7642,PDLC,0.8705990667576085
VH/3C/63,V_Higueras,VdH,PDLC,0.0174,0.0048,0.9778,PDLC,0.9778,PDLC,0.1703418386282633
VH/C1/C1/I/22,V_Higueras,VdH,PDLC,0.3929,0.1651,0.442,PDLC,0.442,uncertain,1.4791878299360255
VH/C1/C1/I/23 (grande),V_Higueras,VdH,PDLC,0.0084,0.4165,0.5752,PDLC,0.5752,uncertain,1.0431871206213033
VH/C1/C1/I/24,V_Higueras,VdH,PDLC,0.0086,0.0361,0.9554,PDLC,0.9554,PDLC,0.2949967795960564
VH/C1/C1/I/26,V_Higueras,VdH,PDLC,0.0176,0.0188,0.9636,PDLC,0.9636,PDLC,0.26190699429930303
VH/C1/C1/I/27,V_Higueras,VdH,PDLC,0.0094,0.232,0.7586,PDLC,0.7586,PDLC,0.8546711297954062
VH/C1/C1/I/28,V_Higueras,VdH,PDLC,0.0096,0.2136,0.7768,PDLC,0.7768,PDLC,0.8230912978604362
VH/C1/C1/I/29,V_Higueras,VdH,PDLC,0.0095,0.3271,0.6635,PDLC,0.6635,uncertain,0.9838952338868303
VH/C1/C1/I/30,V_Higueras,VdH,PDLC,0.0107,0.2978,0.6915,PDLC,0.6915,uncertain,0.9584909427350301
VH/C1/C1/I/31,V_Higueras,VdH,PDLC,0.008,0.0104,0.9817,PDLC,0.9817,PDLC,0.15052139448810853
VH/C1/C1/I/31,V_Higueras,VdH,PDLC,0.0087,0.0124,0.9789,PDLC,0.9789,PDLC,0.1682025198801026
VH/C1/C1/I/32,V_Higueras,VdH,PDLC,0.0081,0.1738,0.8181,PDLC,0.8181,PDLC,0.7319991837745864
VH/C1/C1/I/33,V_Higueras,VdH,PDLC,0.0074,0.1978,0.7949,PDLC,0.7949,PDLC,0.7781142518084329
VH/C1/C1/I/34,V_Higueras,VdH,PDLC,0.0083,0.1212,0.8704,PDLC,0.8704,PDLC,0.600586233543079
VH/C1/C1/I/35,V_Higueras,VdH,PDLC,0.0256,0.3231,0.6514,PDLC,0.6514,uncertain,1.064854797067291
VH/C1/C1/I/36,V_Higueras,VdH,PDLC,0.03,0.1728,0.7972,PDLC,0.7972,PDLC,0.8501124953750286
VH/C1/C1/I/37,V_Higueras,VdH,PDLC,0.0288,0.2757,0.6955,PDLC,0.6955,uncertain,1.0242282412154133
VH/C1/C1/I/38,V_Higueras,VdH,PDLC,0.0125,0.0831,0.9043,PDLC,0.9043,PDLC,0.5084152339390318
VH/C1/C1/I/39,V_Higueras,VdH,PDLC,0.0083,0.0584,0.9333,PDLC,0.9333,PDLC,0.3896365672981832
VH/C1/C1/I/40,V_Higueras,VdH,PDLC,0.0094,0.0288,0.9618,PDLC,0.9618,PDLC,0.2647283036818887
VH/C1/C1/I/41,V_Higueras,VdH,PDLC,0.0155,0.3231,0.6614,PDLC,0.6614,uncertain,1.0142779001850564
VH/C1/C1/I/42,V_Higueras,VdH,PDLC,0.0088,0.0911,0.9002,PDLC,0.9002,PDLC,0.5116051084226373
VH/C1/C1/I/43,V_Higueras,VdH,PDLC,0.0408,0.2559,0.7033,PDLC,0.7033,uncertain,1.048619365204089
VH/C1/C1/I/44,V_Higueras,VdH,PDLC,0.0169,0.1251,0.858,PDLC,0.858,PDLC,0.6642186332101695
VH/C1/C1/I/45,V_Higueras,VdH,PDLC,0.0089,0.0375,0.9536,PDLC,0.9536,PDLC,0.30362624644925956
VH/C1/C1/I/46,V_Higueras,VdH,PDLC,0.0102,0.0254,0.9644,PDLC,0.9644,PDLC,0.2525059217222509
VH/C1/C1/I/47,V_Higueras,VdH,PDLC,0.0071,0.0759,0.917,PDLC,0.917,PDLC,0.4476398899285561
VH/C1/C1/I/48,V_Higueras,VdH,PDLC,0.007,0.0978,0.8952,PDLC,0.8952,PDLC,0.5211119362384383
VH/C1/C1/I/49,V_Higueras,VdH,PCM,0.0089,0.5193,0.4718,PCM,0.5193,uncertain,1.0628665055368782
VH/C1/C1/I/50,V_Higueras,VdH,PDLC,0.0068,0.0711,0.9221,PDLC,0.9221,PDLC,0.4280277664379454
VH/C1/C1/I/51,V_Higueras,VdH,PDLC,0.0115,0.3314,0.6571,PDLC,0.6571,uncertain,1.0002043724171652
VH/C1/C1/I/53,V_Higueras,VdH,PDLC,0.0701,0.2096,0.7203,PDLC,0.7203,uncertain,1.0822331562812373
VH/C1/C1/I/54,V_Higueras,VdH,PDLC,0.0077,0.0937,0.8986,PDLC,0.8986,PDLC,0.5127304392314713
VH/C1/C1/I/55,V_Higueras,VdH,PCM,0.022,0.5843,0.3938,PCM,0.5843,uncertain,1.1035843356115065
VH/C1/C1/I/56,V_Higueras,VdH,PDLC,0.0071,0.0738,0.9192,PDLC,0.9192,PDLC,0.4400133130093793
VH/C1/C1/I/57,V_Higueras,VdH,PDLC,0.0079,0.2826,0.7095,PDLC,0.7095,uncertain,0.9216914281259343
VH/C1/C1/I/58,V_Higueras,VdH,PDLC,0.0083,0.1624,0.8293,PDLC,0.8293,PDLC,0.7071883212753016
VH/C1/C1/I/59,V_Higueras,VdH,PDLC,0.0085,0.1421,0.8494,PDLC,0.8494,PDLC,0.6585003910265967
VH/C1/C1/I/60,V_Higueras,VdH,PDLC,0.0106,0.2692,0.7202,PDLC,0.7202,uncertain,0.9202332723481422
VH/C1/C1/I/61,V_Higueras,VdH,PDLC,0.0107,0.2219,0.7674,PDLC,0.7674,PDLC,0.8451236305372568
VH/C1/C1/I/62,V_Higueras,VdH,PDLC,0.0072,0.0766,0.9162,PDLC,0.9162,PDLC,0.45085135326761444
VH/C1/C1/I/63,V_Higueras,VdH,PDLC,0.0418,0.4513,0.5069,PDLC,0.5069,uncertain,1.2063565831106673
VH/C1/C1/I/64,V_Higueras,VdH,PDLC,0.01,0.1118,0.8782,PDLC,0.8782,PDLC,0.5843950976309048
VH/C1/C1/I/65,V_Higueras,VdH,PDLC,0.0073,0.0917,0.901,PDLC,0.901,PDLC,0.503409761654447
VH/C1/C1/I/66,V_Higueras,VdH,PDLC,0.007,0.0656,0.9274,PDLC,0.9274,PDLC,0.4087696339791533
VH/C1/C1/I/67,V_Higueras,VdH,PCM,0.0505,0.5591,0.3904,PCM,0.5591,uncertain,1.2162807232684008
VH/C1/C1/I/69,V_Higueras,VdH,PDLC,0.0139,0.4771,0.5089,PDLC,0.5089,uncertain,1.0910265023790942
VH/C1/C1/I/70,V_Higueras,VdH,PCM,0.0522,0.7659,0.182,PCM,0.7659,PCM,0.9644607571384576
VH/C1/C1/I/71,V_Higueras,VdH,PDLC,0.0108,0.393,0.5962,PDLC,0.5962,uncertain,1.0449259613609831
VH/C1/C1/I/72,V_Higueras,VdH,PDLC,0.0093,0.3366,0.654,PDLC,0.654,uncertain,0.9921439548575606
VH/C1/C1/I/73,V_Higueras,VdH,PDLC,0.11,0.0611,0.8289,PDLC,0.8289,PDLC,0.8210918071375619
VH/C1/C1/I/74,V_Higueras,VdH,PDLC,0.2183,0.1102,0.6715,PDLC,0.6715,uncertain,1.2157418284950268
VH/C1/C1/I/75,V_Higueras,VdH,PDLC,0.0078,0.1736,0.8186,PDLC,0.8186,PDLC,0.7295462482386531
VH/C1/C1/I/76,V_Higueras,VdH,PDLC,0.0175,0.2237,0.7588,PDLC,0.7588,PDLC,0.8875724853208311
VH/C1/C1/I/77,V_Higueras,VdH,PDLC,0.0113,0.2184,0.7703,PDLC,0.7703,PDLC,0.8424852096018436
VH/C1/C1/I/79,V_Higueras,VdH,PDLC,0.0077,0.0907,0.9016,PDLC,0.9016,PDLC,0.5028685103848872
VH/C1/C1/I/80,V_Higueras,VdH,PDLC,0.0074,0.1581,0.8345,PDLC,0.8345,PDLC,0.6909154504743442
VH/C1/C1/I/81,V_Higueras,VdH,PCM,0.0297,0.693,0.2773,PCM,0.693,uncertain,1.030465427045388
VH/C1/C1/I/82,V_Higueras,VdH,PDLC,0.0145,0.0627,0.9228,PDLC,0.9228,PDLC,0.4460359793708886
VH/C1/C1/II/12,V_Higueras,VdH,PDLC,0.0106,0.174,0.8154,PDLC,0.8154,PDLC,0.7485782722332381
VH/C1/C1/II/13,V_Higueras,VdH,PCM,0.0149,0.748,0.2372,PCM,0.748,uncertain,0.8961910230095296
VH/C1/C1/II/14,V_Higueras,VdH,PDLC,0.0223,0.204,0.7737,PDLC,0.7737,PDLC,0.876589153942546
VH/C1/C1/II/15,V_Higueras,VdH,PDLC,0.0127,0.3819,0.6055,PDLC,0.6055,uncertain,1.0486558495582137
VH/C1/C1/II/16,V_Higueras,VdH,PDLC,0.0121,0.2614,0.7264,PDLC,0.7264,uncertain,0.9179839265717089
VH/C1/C1/II/17,V_Higueras,VdH,PDLC,0.0091,0.2674,0.7235,PDLC,0.7235,uncertain,0.9083678959719692
VH/C1/C1/II/18,V_Higueras,VdH,PDLC,0.0109,0.1903,0.7989,PDLC,0.7989,PDLC,0.7854148961190097
VH/C1/C1/II/19,V_Higueras,VdH,PDLC,0.0131,0.0671,0.9199,PDLC,0.9199,PDLC,0.45435812272373816
VH/C1/C1/II/20,V_Higueras,VdH,PDLC,0.0136,0.1125,0.8739,PDLC,0.8739,PDLC,0.608862241953431
VH/C1/C1/II/21,V_Higueras,VdH,PDLC,0.0346,0.3599,0.6054,PDLC,0.6054,uncertain,1.1368316813792423
VH/C1/C1/II/24,V_Higueras,VdH,PDLC,0.0108,0.2792,0.71,PDLC,0.71,uncertain,0.9352756081799702
VH/C1/C1/II/26,V_Higueras,VdH,PDLC,0.0546,0.07,0.8754,PDLC,0.8754,PDLC,0.6656639361003407
VH/C1/C1/II/27,V_Higueras,VdH,PDLC,0.0119,0.4784,0.5097,PDLC,0.5097,uncertain,1.080525631689341
VH/C1/C1/II/28,V_Higueras,VdH,PDLC,0.0507,0.0638,0.8856,PDLC,0.8856,PDLC,0.6267132180129159
VH/C1/C1/II/29,V_Higueras,VdH,CT,0.6263,0.1209,0.2528,CT,0.6263,uncertain,1.2928538623583912
VH/C1/C1/II/30,V_Higueras,VdH,PDLC,0.0601,0.4487,0.4912,PDLC,0.4912,uncertain,1.2663550337477991
VH/C1/C1/II/31,V_Higueras,VdH,PDLC,0.1369,0.1094,0.7537,PDLC,0.7537,PDLC,1.0494414394378957
VH/C1/C1/II/32,V_Higueras,VdH,PDLC,0.0094,0.1515,0.8391,PDLC,0.8391,PDLC,0.6881307308815977
VH/C1/C1/II/33,V_Higueras,VdH,PCM,0.0124,0.6049,0.3827,PCM,0.6049,uncertain,1.0475409158035183
VH/C1/C1/II/34,V_Higueras,VdH,PDLC,0.0107,0.3679,0.6214,PDLC,0.6214,uncertain,1.0273152676208879
VH/C1/C1/II/36,V_Higueras,VdH,PDLC,0.0114,0.2546,0.734,PDLC,0.734,uncertain,0.9035605493404434
VH/C1/C1/II/38,V_Higueras,VdH,PDLC,0.011,0.1532,0.8358,PDLC,0.8358,PDLC,0.7024877337409052
VH/C1/C1/II/40,V_Higueras,VdH,PDLC,0.0121,0.4081,0.5798,PDLC,0.5798,uncertain,1.0606774990615981
VH/C1/C1/II/41,V_Higueras,VdH,PDLC,0.009,0.2176,0.7734,PDLC,0.7734,PDLC,0.8266467228657655
VH/C1/C1/II/42,V_Higueras,VdH,PDLC,0.03,0.3628,0.6073,PDLC,0.6073,uncertain,1.119449884754479
VH/C1/C1/II/43,V_Higueras,VdH,PDLC,0.0135,0.2122,0.7743,PDLC,0.7743,PDLC,0.844177287294198
VH/C1/C1/II/45,V_Higueras,VdH,PCM,0.0105,0.5623,0.4272,PCM,0.5623,uncertain,1.060242487971638
VH/C1/C1/II/46,V_Higueras,VdH,PDLC,0.0125,0.1079,0.8796,PDLC,0.8796,PDLC,0.5884208663245863
VH/C1/C1/II/48,V_Higueras,VdH,PDLC,0.0117,0.1597,0.8286,PDLC,0.8286,PDLC,0.7224988383379788
VH/C1/C1/II/49,V_Higueras,VdH,PCM,0.0497,0.5016,0.4487,PCM,0.5016,uncertain,1.2332959122752252
VH/C1/C1/II/50,V_Higueras,VdH,PDLC,0.0159,0.3296,0.6545,PDLC,0.6545,uncertain,1.0230088082139008
VH/C1/C1/II/51,V_Higueras,VdH,PDLC,0.0136,0.4753,0.5112,PDLC,0.5112,uncertain,1.0892604557905405
VH/C1/C1/II/52,V_Higueras,VdH,PDLC,0.2023,0.3596,0.4381,PDLC,0.4381,uncertain,1.5186228590309288
VH/C1/P1/21,V_Higueras,VdH,PDLC,0.0102,0.1198,0.87,PDLC,0.87,PDLC,0.6090137338728395
VH/C1/P1/22,V_Higueras,VdH,PCM,0.0828,0.5975,0.3197,PCM,0.5975,uncertain,1.2675114500084779
VH/C1/P1/23 (pequena),V_Higueras,VdH,PDLC,0.0115,0.1167,0.8719,PDLC,0.8719,PDLC,0.6082683893120343
VH/C1/Pi/2,V_Higueras,VdH,PCM,0.0137,0.6004,0.3859,PCM,0.6004,uncertain,1.0568067280517588
VH/C1/Pi/3,V_Higueras,VdH,PDLC,0.0112,0.2842,0.7045,PDLC,0.7045,uncertain,0.9443631488978819
VH/C1/Pi/4,V_Higueras,VdH,PCM,0.0089,0.6155,0.3756,PCM,0.6155,uncertain,1.0222025543207358
VH/C1/Pi/5,V_Higueras,VdH,PCM,0.0194,0.5365,0.4441,PCM,0.5365,uncertain,1.1123684740230806
VH/C7/N/13,V_Higueras,VdH,PDLC,0.0248,0.13,0.8452,PDLC,0.8452,PDLC,0.719990718727387
VH/C7/N/14,V_Higueras,VdH,PDLC,0.0114,0.1187,0.87,PDLC,0.87,PDLC,0.613417942185133
VH01/3B/31,V_Higueras,VdH,PDLC,0.0102,0.1485,0.8413,PDLC,0.8413,PDLC,0.6858111152028379
VH01/3B/32,V_Higueras,VdH,PCM,0.0152,0.4984,0.4863,PCM,0.4984,uncertain,1.0982665442091584
VH01/3B/33,V_Higueras,VdH,PDLC,0.0127,0.2761,0.7113,PDLC,0.7113,uncertain,0.9422754058836568
VH01/3B/34,V_Higueras,VdH,PCM,0.0074,0.699,0.2935,PCM,0.699,uncertain,0.9325310074952791
VH01/3B/35,V_Higueras,VdH,PDLC,0.0451,0.1972,0.7578,PDLC,0.7578,PDLC,0.9667769043790491
VH01/3B/36,V_Higueras,VdH,PCM,0.0122,0.6716,0.3161,PCM,0.6716,uncertain,0.9884419536446971
VH01/3B/37,V_Higueras,VdH,PDLC,0.0298,0.1903,0.7799,PDLC,0.7799,PDLC,0.8862571962534038
VH01/3B/38,V_Higueras,VdH,PDLC,0.0105,0.1544,0.8351,PDLC,0.8351,PDLC,0.7022773981911734
VH01/3B/39,V_Higueras,VdH,PDLC,0.0112,0.2129,0.776,PDLC,0.776,PDLC,0.8316973815548296
VH01/3B/40,V_Higueras,VdH,PCM,0.0209,0.8219,0.1572,PCM,0.8219,PCM,0.7688166839462234
VH01/3B/41,V_Higueras,VdH,PDLC,0.1834,0.0284,0.7882,PDLC,0.7882,PDLC,0.8653273460607428
VH01/3B/42,V_Higueras,VdH,PCM,0.0093,0.5954,0.3954,PCM,0.5954,uncertain,1.037490742497718
VH01/3B/43,V_Higueras,VdH,PDLC,0.0093,0.1433,0.8474,PDLC,0.8474,PDLC,0.6668467317738187
VH01/3B/44,V_Higueras,VdH,PDLC,0.0097,0.0641,0.9261,PDLC,0.9261,PDLC,0.42140686339375444
VH01/3B/45,V_Higueras,VdH,PDLC,0.0193,0.263,0.7177,PDLC,0.7177,uncertain,0.9601373076955249
VH01/3B/49,V_Higueras,VdH,PDLC,0.0239,0.4542,0.5219,PDLC,0.5219,uncertain,1.1355208400123924
VH01/3B/50,V_Higueras,VdH,PDLC,0.0107,0.1761,0.8132,PDLC,0.8132,PDLC,0.7538613194875449
VH01/3B/51,V_Higueras,VdH,PDLC,0.0101,0.2195,0.7704,PDLC,0.7704,PDLC,0.8370769093782681
VH01/3B/52,V_Higueras,VdH,PDLC,0.0246,0.2079,0.7675,PDLC,0.7675,PDLC,0.8956030697341352
VH01/3B/54,V_Higueras,VdH,PDLC,0.0394,0.0301,0.9305,PDLC,0.9305,PDLC,0.43265458587467004
VH01/3B/55,V_Higueras,VdH,PDLC,0.0374,0.1908,0.7718,PDLC,0.7718,PDLC,0.9217156703756599
VH01/3B/56,V_Higueras,VdH,PDLC,0.0195,0.0814,0.8992,PDLC,0.8992,PDLC,0.5432647750471766
VH01/3B/57,V_Higueras,VdH,PCM,0.0194,0.572,0.4086,PCM,0.572,uncertain,1.0989257280018125
VH01/3B/58,V_Higueras,VdH,PDLC,0.0083,0.2256,0.7661,PDLC,0.7661,PDLC,0.8364856089414355
VH01/3B/60,V_Higueras,VdH,PDLC,0.0091,0.2792,0.7116,PDLC,0.7116,uncertain,0.9248462367491422
VH01/3B/61,V_Higueras,VdH,PDLC,0.0145,0.2537,0.7318,PDLC,0.7318,uncertain,0.9202461659450674
VH04/6/C4/S/2,V_Higueras,VdH,PDLC,0.0394,0.1502,0.8104,PDLC,0.8104,PDLC,0.8404199204037821
VH04/6/C4/S/3,V_Higueras,VdH,PDLC,0.0099,0.2823,0.7078,PDLC,0.7078,uncertain,0.9339296467340349
VH99/C1/SR/100,V_Higueras,VdH,PDLC,0.0117,0.0815,0.9069,PDLC,0.9069,PDLC,0.4978264838460804
VH99/C1/SR/102,V_Higueras,VdH,PDLC,0.0162,0.2116,0.7722,PDLC,0.7722,PDLC,0.8584586142684879
VH99/C1/SR/103,V_Higueras,VdH,PDLC,0.0089,0.227,0.764,PDLC,0.764,PDLC,0.8428767328910837
VH99/C1/SR/104,V_Higueras,VdH,PDLC,0.0116,0.1215,0.8668,PDLC,0.8668,PDLC,0.6227402136424925
VH99/C1/SR/107,V_Higueras,VdH,PDLC,0.0106,0.0677,0.9217,PDLC,0.9217,PDLC,0.44094835757474565
VH99/C1/SR/108,V_Higueras,VdH,PDLC,0.0142,0.3262,0.6596,PDLC,0.6596,uncertain,1.0103362736957129
VH99/C1/SR/109,V_Higueras,VdH,PCM,0.0155,0.6071,0.3774,PCM,0.6071,uncertain,1.0608495512580978
VH99/C1/SR/110,V_Higueras,VdH,PDLC,0.011,0.466,0.523,PDLC,0.523,uncertain,1.073980881191032
VH99/C1/SR/111,V_Higueras,VdH,PDLC,0.0173,0.2614,0.7213,PDLC,0.7213,uncertain,0.9472115907855876
VH99/C1/SR/112,V_Higueras,VdH,PDLC,0.0098,0.204,0.7862,PDLC,0.7862,PDLC,0.8060769961668907
VH99/C1/SR/113,V_Higueras,VdH,PDLC,0.0463,0.3492,0.6046,PDLC,0.6046,uncertain,1.1742169462804386
VH99/C1/SR/115,V_Higueras,VdH,PDLC,0.1647,0.2997,0.5356,PDLC,0.5356,uncertain,1.4320185535072998
VH99/C1/SR/116,V_Higueras,VdH,PDLC,0.0201,0.3332,0.6467,PDLC,0.6467,uncertain,1.0482640269654906
VH99/C1/SR/117,V_Higueras,VdH,PDLC,0.0087,0.0402,0.9511,PDLC,0.9511,PDLC,0.3147373190123499
VH99/C1/SR/118,V_Higueras,VdH,PDLC,0.0067,0.0562,0.9371,PDLC,0.9371,PDLC,0.36962932964530054
VH99/C1/SR/119,V_Higueras,VdH,PDLC,0.0237,0.1477,0.8286,PDLC,0.8286,PDLC,0.7602576494048303
VH99/C1/SR/120,V_Higueras,VdH,PCM,0.0111,0.6231,0.3658,PCM,0.6231,uncertain,1.0280484958612304
VH99/C1/SR/121,V_Higueras,VdH,PDLC,0.0138,0.1438,0.8424,PDLC,0.8424,PDLC,0.6960345443426756
VH99/C1/SR/123,V_Higueras,VdH,PDLC,0.0188,0.0374,0.9438,PDLC,0.9438,PDLC,0.36384651883616
VH99/C1/SR/124,V_Higueras,VdH,PDLC,0.0089,0.1923,0.7988,PDLC,0.7988,PDLC,0.776911592396141
VH99/C1/SR/125,V_Higueras,VdH,PCM,0.0341,0.5906,0.3753,PCM,0.5906,uncertain,1.1455432953609297
VH99/C1/SR/127,V_Higueras,VdH,PDLC,0.0092,0.2857,0.7051,PDLC,0.7051,uncertain,0.9340531556401708
VH99/C1/SR/128,V_Higueras,VdH,PDLC,0.011,0.2366,0.7524,PDLC,0.7524,PDLC,0.8723805914546322
VH99/C1/SR/129,V_Higueras,VdH,PDLC,0.0101,0.444,0.5459,PDLC,0.5459,uncertain,1.063775310848851
VH99/C1/SR/130,V_Higueras,VdH,PDLC,0.0113,0.3948,0.5939,PDLC,0.5939,uncertain,1.0488727960811024
VH99/C1/SR/132,V_Higueras,VdH,PCM,0.0133,0.5087,0.4779,PCM,0.5087,uncertain,1.0879641523481849
VH99/C1/SR/133,V_Higueras,VdH,PDLC,0.0112,0.2285,0.7603,PDLC,0.7603,PDLC,0.8598158851292301
VH99/C1/SR/134,V_Higueras,VdH,PDLC,0.0316,0.4401,0.5283,PDLC,0.5283,uncertain,1.164950700295799
VH99/C1/SR/135,V_Higueras,VdH,PDLC,0.02,0.2367,0.7432,PDLC,0.7432,uncertain,0.9231149078699429
VH99/C1/SR/136,V_Higueras,VdH,PCM,0.0149,0.596,0.389,PCM,0.596,uncertain,1.065245999807087
VH99/C1/SR/137,V_Higueras,VdH,PDLC,0.0134,0.463,0.5236,PDLC,0.5236,uncertain,1.086485038628449
VH99/C1/SR/138,V_Higueras,VdH,PDLC,0.0232,0.089,0.8877,PDLC,0.8877,PDLC,0.5890554176789303
VH99/C1/SR/140,V_Higueras,VdH,CT,0.4193,0.3707,0.21,CT,0.4193,uncertain,1.5293246762451655
VH99/C1/SR/141,V_Higueras,VdH,PDLC,0.0168,0.4309,0.5523,PDLC,0.5523,uncertain,1.0954346780776545
VH99/C1/SR/19,V_Higueras,VdH,PCM,0.0363,0.8067,0.157,PCM,0.8067,PCM,0.843020733489699
VH99/C1/SR/21,V_Higueras,VdH,PDLC,0.0149,0.4606,0.5245,PDLC,0.5245,uncertain,1.0938644476721802
VH99/C1/SR/22,V_Higueras,VdH,PDLC,0.0185,0.3458,0.6358,PDLC,0.6358,uncertain,1.051696608031347
VH99/C1/SR/24,V_Higueras,VdH,PCM,0.0121,0.6143,0.3736,PCM,0.6143,uncertain,1.0395805907926605
VH99/C1/SR/25,V_Higueras,VdH,PDLC,0.0124,0.2957,0.6918,PDLC,0.6918,uncertain,0.9660098373764904
VH99/C1/SR/26,V_Higueras,VdH,PCM,0.0374,0.698,0.2647,PCM,0.698,uncertain,1.0469802602307592
VH99/C1/SR/27,V_Higueras,VdH,PDLC,0.0087,0.2252,0.7661,PDLC,0.7661,PDLC,0.8383772144684312
VH99/C1/SR/28,V_Higueras,VdH,PDLC,0.0091,0.2304,0.7605,PDLC,0.7605,PDLC,0.8500176369400138
VH99/C1/SR/29,V_Higueras,VdH,PDLC,0.0093,0.3068,0.6838,PDLC,0.6838,uncertain,0.9606579576607275
VH99/C1/SR/30,V_Higueras,VdH,PDLC,0.0088,0.2284,0.7628,PDLC,0.7628,PDLC,0.8446317541915973
VH99/C1/SR/31,V_Higueras,VdH,PDLC,0.0082,0.1858,0.806,PDLC,0.806,PDLC,0.7587682063289284
VH99/C1/SR/33,V_Higueras,VdH,PDLC,0.0069,0.1234,0.8697,PDLC,0.8697,PDLC,0.5971963758854555
VH99/C1/SR/34,V_Higueras,VdH,PDLC,0.0089,0.243,0.7482,PDLC,0.7482,uncertain,0.8697648449886662
VH99/C1/SR/35,V_Higueras,VdH,PCM,0.0138,0.5138,0.4724,PCM,0.5138,uncertain,1.0899899453666537
VH99/C1/SR/36,V_Higueras,VdH,PDLC,0.0099,0.0947,0.8954,PDLC,0.8954,PDLC,0.5306672704859716
VH99/C1/SR/37,V_Higueras,VdH,PDLC,0.3355,0.09,0.5745,PDLC,0.5745,uncertain,1.3006551302070626
VH99/C1/SR/38,V_Higueras,VdH,PDLC,0.0438,0.0908,0.8654,PDLC,0.8654,PDLC,0.6924284774407984
VH99/C1/SR/39,V_Higueras,VdH,PCM,0.0176,0.5115,0.4709,PCM,0.5115,uncertain,1.1089337197744638
VH99/C1/SR/40,V_Higueras,VdH,PDLC,0.012,0.1215,0.8665,PDLC,0.8665,PDLC,0.6251780441830438
VH99/C1/SR/41,V_Higueras,VdH,PDLC,0.1194,0.0461,0.8345,PDLC,0.8345,PDLC,0.7885552687850467
VH99/C1/SR/42,V_Higueras,VdH,PDLC,0.0313,0.4447,0.524,PDLC,0.524,uncertain,1.164881973359241
VH99/C1/SR/43,V_Higueras,VdH,PDLC,0.0095,0.4242,0.5663,PDLC,0.5663,uncertain,1.0532036232999265
VH99/C1/SR/44,V_Higueras,VdH,PDLC,0.0125,0.0472,0.9403,PDLC,0.9403,PDLC,0.3704485740135297
VH99/C1/SR/45,V_Higueras,VdH,PDLC,0.0104,0.2394,0.7502,PDLC,0.7502,PDLC,0.873343873420873
VH99/C1/SR/46,V_Higueras,VdH,PDLC,0.0099,0.273,0.7171,PDLC,0.7171,uncertain,0.9212855659571721
VH99/C1/SR/47,V_Higueras,VdH,PDLC,0.0462,0.2401,0.7137,PDLC,0.7137,uncertain,1.046431368506597
VH99/C1/SR/48,V_Higueras,VdH,PDLC,0.0087,0.2759,0.7154,PDLC,0.7154,uncertain,0.9177772435934131
VH99/C1/SR/49,V_Higueras,VdH,PDLC,0.0158,0.0872,0.897,PDLC,0.897,PDLC,0.5421166045911618
VH99/C1/SR/50,V_Higueras,VdH,PDLC,0.0094,0.3012,0.6894,PDLC,0.6894,uncertain,0.9546536435030993
prediction_score_PCM,V_Higueras,VdH,PDLC,0.0086,0.1224,0.869,PDLC,0.869,PDLC,0.6059551694945992
0.0173,V_Higueras,VdH,PDLC,0.0094,0.1979,0.7927,PDLC,0.7927,PDLC,0.7914905060782215
0.0123,V_Higueras,VdH,PDLC,0.0121,0.2721,0.7158,PDLC,0.7158,uncertain,0.9332915996539415
0.24,V_Higueras,VdH,PDLC,0.0106,0.3176,0.6718,PDLC,0.6718,uncertain,0.9806155054169401
0.1705,V_Higueras,VdH,PDLC,0.0087,0.0516,0.9397,PDLC,0.9397,PDLC,0.364533378742671
0.0093,V_Higueras,VdH,PDLC,0.0103,0.1232,0.8665,PDLC,0.8665,PDLC,0.6193006568036639
0.3017,V_Higueras,VdH,PDLC,0.016,0.2182,0.7657,PDLC,0.7657,PDLC,0.8695313442539196
0.1133,V_Higueras,VdH,PDLC,0.0094,0.1377,0.853,PDLC,0.853,PDLC,0.6529105102571263
0.0508,V_Higueras,VdH,PDLC,0.011,0.1536,0.8354,PDLC,0.8354,PDLC,0.7034659395027114
0.0045,V_Higueras,VdH,PDLC,0.0091,0.1243,0.8666,PDLC,0.8666,PDLC,0.6146108113646159
0.3378,V_Higueras,VdH,PDLC,0.0104,0.3438,0.6459,PDLC,0.6459,uncertain,1.0054423353805542
,V_Higueras,VdH,PDLC,0.0105,0.1741,0.8154,PDLC,0.8154,PDLC,0.7481738530041369
,V_Higueras,VdH,PDLC,0.0184,0.3553,0.6263,PDLC,0.6263,uncertain,1.0592833105677493
,V_Higueras,VdH,PDLC,0.1967,0.2861,0.5172,PDLC,0.5172,uncertain,1.4699357043367363
,V_Higueras,VdH,PDLC,0.0112,0.4215,0.5672,PDLC,0.5672,uncertain,1.0619072428579972
,V_Higueras,VdH,PDLC,0.0118,0.1841,0.8041,PDLC,0.8041,PDLC,0.7779808400358562
,V_Higueras,VdH,PDLC,0.0104,0.4362,0.5533,PDLC,0.5533,uncertain,1.0630183250192458
,V_Higueras,VdH,PDLC,0.0147,0.0598,0.9255,PDLC,0.9255,PDLC,0.435877908174838
,V_Higueras,VdH,PDLC,0.0139,0.0504,0.9357,PDLC,0.9357,PDLC,0.392708543138417
,V_Higueras,VdH,PDLC,0.0103,0.141,0.8487,PDLC,0.8487,PDLC,0.6673560549030694
,V_Higueras,VdH,PDLC,0.0101,0.3453,0.6446,PDLC,0.6446,uncertain,1.0050445199493991
,V_Higueras,VdH,PDLC,0.0099,0.2075,0.7826,PDLC,0.7826,PDLC,0.8134660251785575
,V_Higueras,VdH,PCM,0.0235,0.5331,0.4435,PCM,0.5331,uncertain,1.1312170141296338
,V_Higueras,VdH,PCM,0.0126,0.6116,0.3758,PCM,0.6116,uncertain,1.0439593082134255
,V_Higueras,VdH,PDLC,0.0177,0.1264,0.8559,PDLC,0.8559,PDLC,0.6723222857453632
,V_Higueras,VdH,PDLC,0.0109,0.1199,0.8692,PDLC,0.8692,PDLC,0.6137553572736445
,V_Higueras,VdH,PDLC,0.0124,0.3379,0.6496,PDLC,0.6496,uncertain,1.0117138547324585
,V_Higueras,VdH,PDLC,0.0095,0.0721,0.9184,PDLC,0.9184,PDLC,0.4501412519210905
,V_Higueras,VdH,PDLC,0.0357,0.2892,0.6751,PDLC,0.6751,uncertain,1.0719356694012236
,V_Higueras,VdH,PCM,0.0095,0.5427,0.4477,PCM,0.5427,uncertain,1.0613813125263942
,V_Higueras,VdH,PDLC,0.0121,0.3924,0.5955,PDLC,0.5955,uncertain,1.0519780451864935
,V_Higueras,VdH,PDLC,0.0198,0.373,0.6071,PDLC,0.6071,uncertain,1.0797941402481872
,V_Higueras,VdH,PDLC,0.0126,0.3266,0.6608,PDLC,0.6608,uncertain,1.0017452489209313
,V_Higueras,VdH,PDLC,0.0813,0.2615,0.6572,PDLC,0.6572,uncertain,1.1983854203119404
,V_Higueras,VdH,PDLC,0.015,0.2997,0.6853,PDLC,0.6853,uncertain,0.9855049430690046
,V_Higueras,VdH,PDLC,0.0126,0.1317,0.8556,PDLC,0.8556,PDLC,0.6571151228061081
,V_Higueras,VdH,PDLC,0.0103,0.0305,0.9592,PDLC,0.9592,PDLC,0.2792059155068063
,V_Higueras,VdH,PDLC,0.011,0.1433,0.8457,PDLC,0.8457,PDLC,0.6776990782872252
,V_Higueras,VdH,PDLC,0.0118,0.1073,0.8809,PDLC,0.8809,PDLC,0.5822761649494875
,V_Higueras,VdH,PDLC,0.0125,0.1062,0.8813,PDLC,0.8813,PDLC,0.5832529152556365
,V_Higueras,VdH,PDLC,0.0109,0.3444,0.6447,PDLC,0.6447,uncertain,1.0089845503382864
,V_Higueras,VdH,PDLC,0.0115,0.0976,0.8909,PDLC,0.8909,PDLC,0.5502078048762742
,V_Higueras,VdH,PDLC,0.0102,0.2244,0.7654,PDLC,0.7654,PDLC,0.8464755277900604
,V_Higueras,VdH,PDLC,0.018,0.1484,0.8336,PDLC,0.8336,PDLC,0.7316678188096236
,V_Higueras,VdH,PDLC,0.0108,0.3406,0.6486,PDLC,0.6486,uncertain,1.0049106603391365
,V_Higueras,VdH,PDLC,0.0114,0.1179,0.8707,PDLC,0.8707,PDLC,0.611155924868424
,V_Higueras,VdH,PDLC,0.0083,0.272,0.7196,PDLC,0.7196,uncertain,0.9098431409130115
,V_Higueras,VdH,PDLC,0.0148,0.217,0.7681,PDLC,0.7681,PDLC,0.8605835351491878
,V_Higueras,VdH,PDLC,0.0105,0.0432,0.9463,PDLC,0.9463,PDLC,0.3401937501053567
AL-93-1-25-11,Alberite,DA,CT,0.9706,0.0173,0.012,CT,0.9706,CT,0.2194914325708302
AL-93-1-90-137,Alberite,DA,CT,0.9717,0.0123,0.016,CT,0.9717,CT,0.21374350377374862
AL-93-1-90-168,Alberite,DA,CT,0.5507,0.24,0.2094,CT,0.5507,uncertain,1.4404375959486218
AL-93-1-90-174,Alberite,DA,CT,0.5266,0.1705,0.3028,CT,0.5266,uncertain,1.4442588191945875
AL-93-1-90-198,Alberite,DA,CT,0.985,0.0093,0.0057,CT,0.985,CT,0.12673134043277123
AL-93-1-90-449,Alberite,DA,PDLC,0.1452,0.3017,0.5531,PDLC,0.5531,uncertain,1.3983652087439282
AL-93-1-90-450,Alberite,DA,CT,0.831,0.1133,0.0557,CT,0.831,CT,0.8099630255745908
AL-93-1-90-471,Alberite,DA,CT,0.9417,0.0508,0.0075,CT,0.9417,CT,0.35294056375331356
AL-93-1-90-494,Alberite,DA,CT,0.9878,0.0045,0.0077,CT,0.9878,CT,0.10663557056538792
AL-93-1-90-654,Alberite,DA,CT,0.5855,0.3378,0.0767,CT,0.5855,uncertain,1.2652160027476544
paternanbidea_1_1,Paternanbidea,PA,PDLC,0.0043,0.0133,0.9824,PDLC,0.9824,PDLC,0.14186220862040025
paternanbidea_2_1,Paternanbidea,PA,PDLC,0.0886,0.0553,0.8562,PDLC,0.8562,PDLC,0.7326018915130201
paternanbidea_2_2,Paternanbidea,PA,PDLC,0.0366,0.0079,0.9554,PDLC,0.9554,PDLC,0.29260121928160726
paternanbidea_2_3,Paternanbidea,PA,PDLC,0.2524,0.0391,0.7086,PDLC,0.7086,uncertain,1.0363635574268357
CG1-246-548-1_1,Can_Gambus,CG,CT,0.9497,0.0293,0.021,CT,0.9497,CT,0.3369774933498177
CG1-246-548-1_10,Can_Gambus,CG,CT,0.9766,0.0066,0.0168,CT,0.9766,CT,0.18020950128725347
CG1-246-548-1_11,Can_Gambus,CG,CT,0.6928,0.2954,0.0119,CT,0.6928,uncertain,0.9626384447942904
CG1-246-548-1_12,Can_Gambus,CG,CT,0.9794,0.0068,0.0138,CT,0.9794,CT,0.16364577311924283
CG1-246-548-1_13,Can_Gambus,CG,CT,0.9617,0.0099,0.0284,CT,0.9617,CT,0.26601924432141827
CG1-246-548-1_14,Can_Gambus,CG,CT,0.9699,0.0082,0.0219,CT,0.9699,CT,0.22032529447377575
CG1-246-548-1_2,Can_Gambus,CG,CT,0.9007,0.0101,0.0892,CT,0.9007,CT,0.5138805393460406
CG1-246-548-1_3,Can_Gambus,CG,CT,0.9153,0.0052,0.0795,CT,0.9153,CT,0.44672810258754586
CG1-246-548-1_4,Can_Gambus,CG,CT,0.923,0.009,0.068,CT,0.923,CT,0.4315850352970335
CG1-246-548-1_5,Can_Gambus,CG,CT,0.9744,0.0075,0.0181,CT,0.9744,CT,0.1941582504065939
CG1-246-548-1_6,Can_Gambus,CG,CT,0.9828,0.0057,0.0116,CT,0.9828,CT,0.1418071846485087
CG1-246-548-1_7,Can_Gambus,CG,CT,0.9263,0.0086,0.065,CT,0.9263,CT,0.4175365324472123
CG1-246-548-1_8,Can_Gambus,CG,CT,0.8994,0.0117,0.0889,CT,0.8994,CT,0.5230695876044443
CG1-246-548-1_9,Can_Gambus,CG,CT,0.9554,0.0069,0.0376,CT,0.9554,CT,0.29027410898752437
CG1-246-548-2_1,Can_Gambus,CG,PDLC,0.0113,0.3917,0.597,PDLC,0.597,uncertain,1.0470173353785064
CG1-246-548-2_10,Can_Gambus,CG,CT,0.9879,0.0056,0.0065,CT,0.9879,CT,0.10646531038226784
CG1-246-548-2_11,Can_Gambus,CG,CT,0.9607,0.0155,0.0239,CT,0.9607,CT,0.2776106508607969
CG1-246-548-2_12,Can_Gambus,CG,CT,0.9353,0.0101,0.0546,CT,0.9353,CT,0.3862579431108633
CG1-246-548-2_13,Can_Gambus,CG,CT,0.9241,0.0247,0.0512,CT,0.9241,CT,0.4566483899607189
CG1-246-548-2_14,Can_Gambus,CG,PDLC,0.3139,0.0378,0.6483,PDLC,0.6483,uncertain,1.1087055309109228
CG1-246-548-2_15,Can_Gambus,CG,CT,0.7349,0.1396,0.1255,CT,0.7349,uncertain,1.0989040088450985
CG1-246-548-2_16,Can_Gambus,CG,CT,0.9677,0.0152,0.0171,CT,0.9677,CT,0.23801757264533482
CG1-246-548-2_17,Can_Gambus,CG,PCM,0.3234,0.4997,0.177,PCM,0.4997,uncertain,1.4689996531751515
CG1-246-548-2_18,Can_Gambus,CG,CT,0.9677,0.0109,0.0213,CT,0.9677,CT,0.23505929720473956
CG1-246-548-2_19,Can_Gambus,CG,CT,0.9613,0.0087,0.03,CT,0.9613,CT,0.266054030394464
CG1-246-548-2_2,Can_Gambus,CG,CT,0.9745,0.0049,0.0207,CT,0.9745,CT,0.18983910018176076
CG1-246-548-2_20,Can_Gambus,CG,CT,0.8425,0.0627,0.0949,CT,0.8425,CT,0.7813042827795377
CG1-246-548-2_21,Can_Gambus,CG,CT,0.908,0.0361,0.0559,CT,0.908,CT,0.5320124964290124
CG1-246-548-2_22,Can_Gambus,CG,CT,0.8284,0.1189,0.0527,CT,0.8284,CT,0.8140430218065376
CG1-246-548-2_23,Can_Gambus,CG,CT,0.9513,0.0295,0.0192,CT,0.9513,CT,0.32796543103483355
CG1-246-548-2_24,Can_Gambus,CG,CT,0.9546,0.0106,0.0348,CT,0.9546,CT,0.30212026821910987
CG1-246-548-2_25,Can_Gambus,CG,CT,0.78,0.0841,0.1359,CT,0.78,CT,0.9712864056618644
CG1-246-548-2_26,Can_Gambus,CG,CT,0.9839,0.0101,0.0061,CT,0.9839,CT,0.13500568101181926
CG1-246-548-2_27,Can_Gambus,CG,CT,0.9292,0.0473,0.0235,CT,0.9292,CT,0.43381691350507445
CG1-246-548-2_28,Can_Gambus,CG,CT,0.6343,0.0071,0.3587,CT,0.6343,uncertain,0.9978798865217392
CG1-246-548-2_29,Can_Gambus,CG,PCM,0.1194,0.4769,0.4037,PCM,0.4769,uncertain,1.4038394255133808
CG1-246-548-2_3,Can_Gambus,CG,CT,0.9631,0.0241,0.0128,CT,0.9631,CT,0.26225689787379497
CG1-246-548-2_4,Can_Gambus,CG,CT,0.9587,0.0226,0.0187,CT,0.9587,CT,0.2892551631279299
CG1-246-548-2_5,Can_Gambus,CG,CT,0.9106,0.0106,0.0788,CT,0.9106,CT,0.4814195912540344
CG1-246-548-2_6,Can_Gambus,CG,CT,0.7695,0.0342,0.1963,CT,0.7695,CT,0.9185081887093594
CG1-246-548-2_7,Can_Gambus,CG,PDLC,0.0156,0.0892,0.8952,PDLC,0.8952,PDLC,0.5476393177242392
CG1-246-548-2_8,Can_Gambus,CG,CT,0.9247,0.029,0.0463,CT,0.9247,CT,0.4578050928894594
CG1-246-548-2_9,Can_Gambus,CG,CT,0.9742,0.0071,0.0187,CT,0.9742,CT,0.19477003927090278
CG1-246-548-3_1,Can_Gambus,CG,CT,0.9723,0.0034,0.0243,CT,0.9723,CT,0.19760330283986124
CG1-246-548-3_2,Can_Gambus,CG,CT,0.8497,0.0911,0.0592,CT,0.8497,CT,0.7559692996313668
CG1-246-548-3_3,Can_Gambus,CG,CT,0.9696,0.0167,0.0137,CT,0.9696,CT,0.22657998395320025
CG1-246-548-3_4,Can_Gambus,CG,CT,0.98,0.01,0.0099,CT,0.98,CT,0.1607915195244041
CG1-246-548-3_5,Can_Gambus,CG,CT,0.876,0.0951,0.0289,CT,0.876,CT,0.6378815764083829
CG1-246-548-3_6,Can_Gambus,CG,CT,0.9721,0.0123,0.0157,CT,0.9721,CT,0.2119449461165554
CG1-246-548-3_7,Can_Gambus,CG,CT,0.9524,0.0284,0.0192,CT,0.9524,CT,0.32242232676220406
CG1-246-548-3_8,Can_Gambus,CG,CT,0.9411,0.0439,0.015,CT,0.9411,CT,0.3712779919685142
CG1-246-548-3_9,Can_Gambus,CG,CT,0.9802,0.0081,0.0117,CT,0.9802,CT,0.15964133243911488
CG1_E175A_1,Can_Gambus,CG,CT,0.9583,0.0332,0.0085,CT,0.9583,CT,0.2804547050993138
CG1_E175A_10,Can_Gambus,CG,CT,0.9411,0.0144,0.0445,CT,0.9411,CT,0.370325000391293
CG1_E175A_11,Can_Gambus,CG,CT,0.9862,0.0067,0.0071,CT,0.9862,CT,0.11883561054129554
CG1_E175A_12,Can_Gambus,CG,CT,0.9466,0.0389,0.0145,CT,0.9466,CT,0.34571941982573495
CG1_E175A_2,Can_Gambus,CG,CT,0.9877,0.0074,0.0048,CT,0.9877,CT,0.10685430538193022
CG1_E175A_3,Can_Gambus,CG,CT,0.9842,0.006,0.0098,CT,0.9842,CT,0.13229390403118613
CG1_E175A_4,Can_Gambus,CG,CT,0.9886,0.0072,0.0042,CT,0.9886,CT,0.10076134680261445
CG1_E175A_5,Can_Gambus,CG,CT,0.9628,0.0274,0.0098,CT,0.9628,CT,0.26025007739435635
CG1_E175A_6,Can_Gambus,CG,CT,0.9662,0.0099,0.0239,CT,0.9662,CT,0.24259288231304876
CG1_E175A_7,Can_Gambus,CG,CT,0.9608,0.0288,0.0105,CT,0.9608,CT,0.27196117878384346
CG1_E175A_8,Can_Gambus,CG,CT,0.9433,0.0063,0.0504,CT,0.9433,CT,0.3427381595245009
CG1_E175A_9,Can_Gambus,CG,CT,0.9902,0.0039,0.006,CT,0.9902,CT,0.08969815299288326
CG1_E175B_1,Can_Gambus,CG,CT,0.9745,0.0036,0.0218,CT,0.9745,CT,0.18573968654789835
CG1_E175B_10,Can_Gambus,CG,CT,0.985,0.0039,0.0111,CT,0.985,CT,0.12476190568676603
CG1_E175B_11,Can_Gambus,CG,CT,0.9782,0.0049,0.0169,CT,0.9782,CT,0.16819060923789017
CG1_E175B_12,Can_Gambus,CG,CT,0.9742,0.009,0.0168,CT,0.9742,CT,0.19694255964963459
CG1_E175B_13,Can_Gambus,CG,CT,0.9728,0.0198,0.0073,CT,0.9728,CT,0.2024287234581466
CG1_E175B_2,Can_Gambus,CG,CT,0.9797,0.0055,0.0148,CT,0.9797,CT,0.160230590171093
CG1_E175B_3,Can_Gambus,CG,CT,0.9843,0.0101,0.0056,CT,0.9843,CT,0.13131953012461908
CG1_E175B_4,Can_Gambus,CG,CT,0.9635,0.0194,0.0172,CT,0.9635,CT,0.26296363375714504
CG1_E175B_5,Can_Gambus,CG,CT,0.9745,0.0175,0.008,CT,0.9745,CT,0.19418067517673634
CG1_E175B_6,Can_Gambus,CG,CT,0.9926,0.0032,0.0043,CT,0.9926,CT,0.07109841579160815
CG1_E175B_7,Can_Gambus,CG,CT,0.9768,0.0043,0.0189,CT,0.9768,CT,0.17509483595075662
CG1_E175B_8,Can_Gambus,CG,CT,0.9702,0.0226,0.0072,CT,0.9702,CT,0.21715959142666919
CG1_E175B_9,Can_Gambus,CG,CT,0.9914,0.0042,0.0044,CT,0.9914,CT,0.07995876705529253
MP-699,La_Serreta,LS,CT,0.9482,0.0271,0.0247,CT,0.9482,CT,0.3457143322884498
MP-753,La_Serreta,LS,CT,0.533,0.3523,0.1147,CT,0.533,uncertain,1.372438478934754
MP-754,La_Serreta,LS,PCM,0.1029,0.5854,0.3117,PCM,0.5854,uncertain,1.3140148197535504
MP-755,La_Serreta,LS,PCM,0.0974,0.63,0.2726,PCM,0.63,uncertain,1.2583645144405053
MP-756,La_Serreta,LS,PCM,0.1041,0.5644,0.3315,PCM,0.5644,uncertain,1.3335793378346006
MP-757,La_Serreta,LS,PCM,0.1011,0.5971,0.3017,PCM,0.5971,uncertain,1.3000358576437845
MP-758,La_Serreta,LS,PCM,0.2622,0.4945,0.2432,PCM,0.4945,uncertain,1.5048494017074872
MP-759,La_Serreta,LS,PCM,0.1866,0.4979,0.3155,PCM,0.4979,uncertain,1.4779474823516683
MP-698,La_Serreta,LS,PDLC,0.0769,0.4483,0.4748,PDLC,0.4748,uncertain,1.313711986479284
MP-701,La_Serreta,LS,CT,0.9641,0.0164,0.0195,CT,0.9641,CT,0.25887382322869507
MP-702,La_Serreta,LS,CT,0.991,0.0066,0.0024,CT,0.991,CT,0.08161815036476697
MP-703,La_Serreta,LS,CT,0.9924,0.0051,0.0025,CT,0.9924,CT,0.07137031568970947
MP-704,La_Serreta,LS,CT,0.9576,0.0386,0.0038,CT,0.9576,CT,0.2716427717427184
MP-705,La_Serreta,LS,CT,0.9833,0.0098,0.0069,CT,0.9833,CT,0.13882252275834037
MP-706,La_Serreta,LS,CT,0.9754,0.0205,0.0041,CT,0.9754,CT,0.18253256237786822
MP-707,La_Serreta,LS,CT,0.9771,0.0172,0.0058,CT,0.9771,CT,0.1766924621560176
MP-708,La_Serreta,LS,CT,0.9693,0.0254,0.0053,CT,0.9693,CT,0.2182660094645176
MP-709,La_Serreta,LS,CT,0.9703,0.0255,0.0042,CT,0.9703,CT,0.2103466665867731
MP-710,La_Serreta,LS,CT,0.9637,0.0292,0.0071,CT,0.9637,CT,0.2509454806734612
MP-711,La_Serreta,LS,CT,0.9807,0.0161,0.0032,CT,0.9807,CT,0.1499986612594084
MP-712,La_Serreta,LS,CT,0.9867,0.0105,0.0028,CT,0.9867,CT,0.11182607832993753
MP-713,La_Serreta,LS,CT,0.9587,0.038,0.0033,CT,0.9587,CT,0.2648171203679531
MP-714,La_Serreta,LS,CT,0.9695,0.0244,0.0061,CT,0.9695,CT,0.2189119758409483
MP-715,La_Serreta,LS,CT,0.9907,0.0053,0.004,CT,0.9907,CT,0.08528451456293164
MP-716,La_Serreta,LS,CT,0.9473,0.0078,0.0449,CT,0.9473,CT,0.32963212546274356
MP-717,La_Serreta,LS,CT,0.971,0.0134,0.0156,CT,0.971,CT,0.21823134130539956
MP-718,La_Serreta,LS,CT,0.986,0.0112,0.0029,CT,0.986,CT,0.11721446181807108
MP-719,La_Serreta,LS,CT,0.9902,0.0033,0.0064,CT,0.9902,CT,0.08777773073097982
MP-720,La_Serreta,LS,CT,0.9892,0.008,0.0028,CT,0.9892,CT,0.09496793908206275
MP-721,La_Serreta,LS,CT,0.9836,0.0121,0.0043,CT,0.9836,CT,0.13433241505850113
MP-722,La_Serreta,LS,CT,0.9906,0.0068,0.0026,CT,0.9906,CT,0.08478600024032948
MP-723,La_Serreta,LS,CT,0.9761,0.0136,0.0102,CT,0.9761,CT,0.1857386812507524
MP-724,La_Serreta,LS,CT,0.9793,0.0171,0.0036,CT,0.9793,CT,0.15915118032025363
MP-725,La_Serreta,LS,CT,0.9918,0.0056,0.0026,CT,0.9918,CT,0.07599837348740042
MP-726,La_Serreta,LS,CT,0.9584,0.0389,0.0026,CT,0.9584,CT,0.2631700093661561
MP-727,La_Serreta,LS,CT,0.9825,0.0131,0.0044,CT,0.9825,CT,0.14140057668455677
MP-728,La_Serreta,LS,CT,0.9783,0.0148,0.0069,CT,0.9783,CT,0.17045895313114093
MP-729,La_Serreta,LS,CT,0.9885,0.0084,0.0032,CT,0.9885,CT,0.10107139377952865
MP-730,La_Serreta,LS,CT,0.9876,0.0097,0.0027,CT,0.9876,CT,0.10568832548378149
MP-731,La_Serreta,LS,CT,0.9231,0.0606,0.0163,CT,0.9231,CT,0.44846819569662755
MP-733,La_Serreta,LS,CT,0.9826,0.0091,0.0083,CT,0.9826,CT,0.14395565760571122
MP-734,La_Serreta,LS,CT,0.9798,0.0172,0.0029,CT,0.9798,CT,0.15398035494793239
MP-735,La_Serreta,LS,CT,0.9507,0.0405,0.0088,CT,0.9507,CT,0.316781303385883
MP-737,La_Serreta,LS,CT,0.9914,0.0057,0.0029,CT,0.9914,CT,0.07929238138635859
MP-738,La_Serreta,LS,CT,0.9771,0.0177,0.0052,CT,0.9771,CT,0.17512622222876784
MP-739,La_Serreta,LS,CT,0.8074,0.108,0.0846,CT,0.8074,CT,0.8974230236606482
MP-740,La_Serreta,LS,CT,0.9778,0.0146,0.0076,CT,0.9778,CT,0.17420118779767324
MP-741,La_Serreta,LS,CT,0.9946,0.0029,0.0025,CT,0.9946,CT,0.05382534225171574
MP-742,La_Serreta,LS,CT,0.9561,0.0312,0.0127,CT,0.9561,CT,0.29799305111743796
MP-743,La_Serreta,LS,CT,0.9676,0.0271,0.0052,CT,0.9676,CT,0.22638072430755296
MP-744,La_Serreta,LS,CT,0.9701,0.0264,0.0036,CT,0.9701,CT,0.21025605229664412
MP-745,La_Serreta,LS,CT,0.9754,0.0183,0.0063,CT,0.9754,CT,0.18673369707801654
MP-746,La_Serreta,LS,CT,0.9772,0.0178,0.0049,CT,0.9772,CT,0.17343959818681068
MP-747,La_Serreta,LS,CT,0.9894,0.0081,0.0025,CT,0.9894,CT,0.09309855464510518
MP-748,La_Serreta,LS,CT,0.9866,0.0094,0.004,CT,0.9866,CT,0.11435650423436382
MP-749,La_Serreta,LS,CT,0.9849,0.0104,0.0047,CT,0.9849,CT,0.12647270276670178
MP-750,La_Serreta,LS,CT,0.9773,0.0191,0.0036,CT,0.9773,CT,0.17066507974156783
MP-751,La_Serreta,LS,CT,0.9878,0.0092,0.003,CT,0.9878,CT,0.10486572407967211
MP-752,La_Serreta,LS,CT,0.9631,0.0294,0.0075,CT,0.9631,CT,0.25477102376002864
MP-865,Can_Sandurni,CS,CT,0.9673,0.0129,0.0197,CT,0.9673,CT,0.23885604488274897
MP-795,Can_Sandurni,CS,CT,0.6502,0.2624,0.0873,CT,0.6502,uncertain,1.2173651627598925
MP-797,Can_Sandurni,CS,PDLC,0.0069,0.4185,0.5745,PDLC,0.5745,uncertain,1.034807143228013
MP-348,Can_Sandurni,CS,CT,0.5633,0.3785,0.0581,CT,0.5633,uncertain,1.23544329945406
MP-782,Can_Sandurni,CS,CT,0.9302,0.0326,0.0372,CT,0.9302,CT,0.43475801009550397
MP-783,Can_Sandurni,CS,PCM,0.3603,0.6018,0.0378,PCM,0.6018,uncertain,1.1501230847950696
MP-784,Can_Sandurni,CS,PDLC,0.0755,0.1144,0.8101,PDLC,0.8101,PDLC,0.885373304556376
MP-1555,Can_Sandurni,CS,CT,0.7418,0.0136,0.2445,CT,0.7418,uncertain,0.9007561076083637
MP-972,Cova_Cassinmanya,CC,CT,0.9852,0.0064,0.0085,CT,0.9852,CT,0.1264318223713441
MP-974,Cova_Cassinmanya,CC,CT,0.8595,0.0134,0.1271,CT,0.8595,CT,0.6493557595681035
MP-975,Cova_Cassinmanya,CC,CT,0.9756,0.0066,0.0178,CT,0.9756,CT,0.18602788713852467
MP-978,Cova_Cassinmanya,CC,CT,0.6832,0.039,0.2778,CT,0.6832,uncertain,1.0713768459704647
MP-980,Cova_Cassinmanya,CC,CT,0.6082,0.1024,0.2894,CT,0.6082,uncertain,1.2906706517322373
MP-982,Cova_Cassinmanya,CC,CT,0.9272,0.0525,0.0203,CT,0.9272,CT,0.43844889591833175
MP-984,Cova_Cassinmanya,CC,CT,0.8195,0.0163,0.1642,CT,0.8195,CT,0.7601358756693672
MP-985,Cova_Cassinmanya,CC,CT,0.6418,0.1984,0.1597,CT,0.6418,uncertain,1.296237588718599
MP-987,Cova_Cassinmanya,CC,CT,0.7389,0.0107,0.2505,CT,0.7389,uncertain,0.8929437708801191
MP-990,Cova_Cassinmanya,CC,CT,0.7155,0.2153,0.0692,CT,0.7155,uncertain,1.089217311589944
MP-991,Cova_Cassinmanya,CC,CT,0.9157,0.0702,0.0142,CT,0.9157,CT,0.47263205671775205
MP-1002,Cova_Cassinmanya,CC,CT,0.9854,0.0072,0.0074,CT,0.9854,CT,0.12453601716338447
MP-824,Roca_Livet,RL,PCM,0.0135,0.6931,0.2934,PCM,0.6931,uncertain,0.9694451207803136
MP-823,Roca_Livet,RL,PDLC,0.0101,0.432,0.5578,PDLC,0.5578,uncertain,1.059795179863363
MP-825,Roca_Livet,RL,PDLC,0.017,0.1017,0.8813,PDLC,0.8813,PDLC,0.595954726770665
MP-826,Roca_Livet,RL,PCM,0.0124,0.5667,0.4209,PCM,0.5667,uncertain,1.0683300677175336
MP-827,Roca_Livet,RL,PDLC,0.0071,0.4778,0.5151,PDLC,0.5151,uncertain,1.0527752206315637
MP-828,Roca_Livet,RL,PDLC,0.0363,0.1214,0.8423,PDLC,0.8423,PDLC,0.7515216356415477
MP-830,Roca_Livet,RL,PDLC,0.0067,0.4336,0.5597,PDLC,0.5597,uncertain,1.039739590910497
MP-831,Roca_Livet,RL,PCM,0.0073,0.75,0.2427,PCM,0.75,PCM,0.8588690980488909
MP-832,Roca_Livet,RL,PCM,0.006,0.5617,0.4323,PCM,0.5617,uncertain,1.0347291126195937
MP-833,Roca_Livet,RL,PDLC,0.0125,0.1815,0.806,PDLC,0.806,PDLC,0.7766550718501325
MP-834,Roca_Livet,RL,PDLC,0.0186,0.2701,0.7113,PDLC,0.7113,uncertain,0.9665718048460575
MP-853,Roca_Livet,RL,PDLC,0.0064,0.1074,0.8862,PDLC,0.8862,PDLC,0.5468157913949712
MP-860,Roca_Livet,RL,CT,0.6049,0.0223,0.3728,CT,0.6049,uncertain,1.0917389932123103
MP-862,Roca_Livet,RL,PDLC,0.0045,0.4608,0.5347,PDLC,0.5347,uncertain,1.0330979847915072
MP-863,Roca_Livet,RL,PDLC,0.0059,0.0162,0.9778,PDLC,0.9778,PDLC,0.17158783667686647
MP-864,Roca_Livet,RL,PDLC,0.0051,0.1336,0.8613,PDLC,0.8613,PDLC,0.6123480269817839
A3,Auverne,A,PDLC,0.0273,0.0317,0.941,PDLC,0.941,PDLC,0.3822255161803572
A1,Auverne,A,PDLC,0.0273,0.0317,0.941,PDLC,0.941,PDLC,0.3822255161803572
A2,Auverne,A,PDLC,0.0273,0.0317,0.941,PDLC,0.941,PDLC,0.3822255161803572
J5,Josseliere,J ,PDLC,0.0061,0.0543,0.9396,PDLC,0.9396,PDLC,0.3575477806002788
J4,Josseliere,J ,PDLC,0.0061,0.0543,0.9396,PDLC,0.9396,PDLC,0.3575477806002788
J6,Josseliere,J ,PDLC,0.0061,0.0543,0.9396,PDLC,0.9396,PDLC,0.3575477806002788
J8,Josseliere,J ,PDLC,0.0061,0.0543,0.9396,PDLC,0.9396,PDLC,0.3575477806002788
J7,Josseliere,J ,PDLC,0.0061,0.0543,0.9396,PDLC,0.9396,PDLC,0.3575477806002788
J9,Josseliere,J ,PDLC,0.0061,0.0543,0.9396,PDLC,0.9396,PDLC,0.3575477806002788
J1,Josseliere,J ,PDLC,0.0061,0.0678,0.9261,PDLC,0.9261,PDLC,0.41069079488344196
J2,Josseliere,J ,PDLC,0.0062,0.0763,0.9174,PDLC,0.9174,PDLC,0.44271025017227417
J3,Josseliere,J ,PDLC,0.0062,0.0737,0.92,PDLC,0.92,PDLC,0.4333110822094382
K1,Kervilor,K ,PDLC,0.0061,0.0559,0.938,PDLC,0.938,PDLC,0.3640929712146125
K6,Kervilor,K ,PDLC,0.0061,0.0602,0.9337,PDLC,0.9337,PDLC,0.381341294782102
K9,Kervilor,K ,PDLC,0.0061,0.0543,0.9396,PDLC,0.9396,PDLC,0.3575477806002788
K27,Kervilor,K ,PDLC,0.0061,0.0543,0.9396,PDLC,0.9396,PDLC,0.3575477806002788
K8,Kervilor,K ,PDLC,0.0061,0.0543,0.9396,PDLC,0.9396,PDLC,0.3575477806002788
K25,Kervilor,K ,PDLC,0.0061,0.0543,0.9396,PDLC,0.9396,PDLC,0.3575477806002788
K26,Kervilor,K ,PDLC,0.0061,0.0543,0.9396,PDLC,0.9396,PDLC,0.3575477806002788
K13,Kervilor,K ,PDLC,0.0061,0.0543,0.9396,PDLC,0.9396,PDLC,0.3575477806002788
K14,Kervilor,K ,PDLC,0.0061,0.0543,0.9396,PDLC,0.9396,PDLC,0.3575477806002788
K23,Kervilor,K ,PDLC,0.0061,0.0543,0.9396,PDLC,0.9396,PDLC,0.3575477806002788
K15,Kervilor,K ,PDLC,0.0061,0.0543,0.9396,PDLC,0.9396,PDLC,0.3575477806002788
K22,Kervilor,K ,PDLC,0.0061,0.0543,0.9396,PDLC,0.9396,PDLC,0.3575477806002788
K24,Kervilor,K ,PDLC,0.0061,0.0543,0.9396,PDLC,0.9396,PDLC,0.3575477806002788
K2,Kervilor,K ,PDLC,0.0061,0.0536,0.9403,PDLC,0.9403,PDLC,0.3546617511340145
K3,Kervilor,K ,PDLC,0.0061,0.0545,0.9395,PDLC,0.9395,PDLC,0.35834300776729483
K31,Kervilor,K ,PDLC,0.0061,0.0543,0.9396,PDLC,0.9396,PDLC,0.3575477806002788
K34,Kervilor,K ,PDLC,0.0062,0.0658,0.928,PDLC,0.928,PDLC,0.40382482657941265
K33,Kervilor,K ,PDLC,0.006,0.063,0.931,PDLC,0.931,PDLC,0.3915904945900283
K18,Kervilor,K ,PDLC,0.0061,0.0637,0.9302,PDLC,0.9302,PDLC,0.39503073082179596
K28,Kervilor,K ,PDLC,0.0061,0.0641,0.9297,PDLC,0.9297,PDLC,0.3966052281227751
K16,Kervilor,K ,PDLC,0.0061,0.0637,0.9302,PDLC,0.9302,PDLC,0.39503073082179596
K20,Kervilor,K ,PDLC,0.0061,0.0637,0.9302,PDLC,0.9302,PDLC,0.39503073082179596
K5,Kervilor,K ,PDLC,0.006,0.0624,0.9315,PDLC,0.9315,PDLC,0.389283572205973
K4,Kervilor,K ,PDLC,0.0061,0.0627,0.9312,PDLC,0.9312,PDLC,0.391150396097434
K29,Kervilor,K ,PDLC,0.0061,0.0641,0.9297,PDLC,0.9297,PDLC,0.3966052281227751
K30,Kervilor,K ,PDLC,0.0061,0.0644,0.9295,PDLC,0.9295,PDLC,0.397732545094273
K32,Kervilor,K ,PDLC,0.0061,0.0676,0.9263,PDLC,0.9263,PDLC,0.4099359755754525
K21,Kervilor,K ,PDLC,0.0061,0.0641,0.9297,PDLC,0.9297,PDLC,0.3966052281227751
K10,Kervilor,K ,PDLC,0.0061,0.0631,0.9308,PDLC,0.9308,PDLC,0.39270545676361857
K11,Kervilor,K ,PDLC,0.0061,0.0627,0.9312,PDLC,0.9312,PDLC,0.391150396097434
K12,Kervilor,K ,PDLC,0.0061,0.0627,0.9312,PDLC,0.9312,PDLC,0.391150396097434
K35,Kervilor,K ,PDLC,0.0061,0.0627,0.9312,PDLC,0.9312,PDLC,0.391150396097434
K19,Kervilor,K ,PDLC,0.0061,0.0641,0.9297,PDLC,0.9297,PDLC,0.3966052281227751
L4,Luffang,L ,PDLC,0.0073,0.0946,0.898,PDLC,0.898,PDLC,0.5129332859455836
L1,Luffang,L ,PDLC,0.0073,0.0946,0.898,PDLC,0.898,PDLC,0.5129332859455836
L2,Luffang,L ,PDLC,0.0073,0.0946,0.898,PDLC,0.898,PDLC,0.5129332859455836
L5,Luffang,L ,PDLC,0.0073,0.0946,0.898,PDLC,0.898,PDLC,0.5129332859455836
L6,Luffang,L ,PDLC,0.0073,0.0926,0.9,PDLC,0.9,PDLC,0.5064050974671864
L3,Luffang,L ,PDLC,0.0073,0.0946,0.898,PDLC,0.898,PDLC,0.5129332859455836
L7,Luffang,L ,PDLC,0.0075,0.1236,0.8688,PDLC,0.8688,PDLC,0.6019490431733094
L8,Luffang,L ,PDLC,0.0076,0.121,0.8715,PDLC,0.8715,PDLC,0.5951940747386153
L9,Luffang,L ,PDLC,0.0084,0.112,0.8796,PDLC,0.8796,PDLC,0.5744622058634417
P2,Plinchacourt,PL ,PDLC,0.0063,0.0641,0.9296,PDLC,0.9296,PDLC,0.39802175206828866
P1,Plinchacourt,PL ,PDLC,0.0063,0.074,0.9197,PDLC,0.9197,PDLC,0.4350915571697337
T3,SaintMichel,StM,PDLC,0.0061,0.0543,0.9396,PDLC,0.9396,PDLC,0.3575477806002788
T2,SaintMichel,StM,PDLC,0.0061,0.0543,0.9396,PDLC,0.9396,PDLC,0.3575477806002788
T1,SaintMichel,StM,PDLC,0.0061,0.0543,0.9396,PDLC,0.9396,PDLC,0.3575477806002788
